year,player_name,role,nationality,age,ipl_experience_years,batting_avg,batting_sr,runs_scored,fifties,hundreds,wickets,economy_rate,bowling_avg,bowling_sr,base_price_cr,sold_price_cr,is_sold,franchise,performance_score,value_index
2015,Shubman Gill,Batsman,Indian,26,0,32.5,147.03,332,4,0,3,10.72,39.72,22.29,1.5,9.81,1,Rajasthan Royals,63.75,6.5
2015,Jasprit Bumrah,Bowler,Indian,20,0,16.76,99.28,211,1,0,14,6.77,27.94,13.1,0.5,5.1,1,Rajasthan Royals,32.8,6.43
2015,Yashasvi Jaiswal,Batsman,Indian,22,0,38.94,155.25,400,7,1,0,7.52,42.2,25.9,0.5,6.99,1,Kolkata Knight Riders,70.15,10.04
2015,Washington Sundar,Batsman,Indian,21,0,32.1,164.16,318,4,1,11,8.06,44.77,24.25,0.2,5.75,1,Chennai Super Kings,68.45,11.9
2015,Devon Conway,Batsman,Australian,21,0,36.86,131.72,422,8,1,0,8.08,29.03,23.33,0.5,5.03,1,Lucknow Super Giants,62.7,12.47
2015,Faf du Plessis,Batsman,Indian,22,0,37.04,169.73,377,6,1,0,9.59,23.57,26.15,1.0,8.7,1,Royal Challengers Bangalore,73.28,8.42
2015,Jos Buttler,Batsman,Indian,23,0,33.32,122.59,345,6,1,1,10.53,20.0,21.17,0.2,7.49,1,Delhi Capitals,57.0,7.61
2015,Marcus Stoinis,All-Rounder,South African,23,0,32.47,124.98,182,2,0,2,7.8,30.96,13.46,1.5,6.72,1,Rajasthan Royals,39.91,5.94
2015,Harshal Patel,Bowler,Indian,23,0,10.37,151.55,79,0,0,10,8.58,14.33,20.78,0.5,4.27,1,Kolkata Knight Riders,20.05,4.7
2015,Shreyas Iyer,Batsman,Indian,22,0,25.7,172.63,207,3,0,3,8.48,32.37,22.32,2.0,6.69,1,Rajasthan Royals,66.21,9.9
2015,Liam Livingstone,All-Rounder,Indian,28,0,23.86,109.35,90,1,0,7,6.5,18.9,27.72,0.5,11.36,1,Delhi Capitals,43.24,3.81
2015,Shivam Dube,All-Rounder,Indian,24,0,24.01,143.12,413,4,0,9,9.54,29.04,25.86,1.5,9.89,1,Kolkata Knight Riders,46.35,4.69
2015,Axar Patel,Batsman,Indian,21,0,49.06,102.86,331,4,1,4,8.77,37.08,29.31,0.2,5.21,1,Kolkata Knight Riders,57.1,10.96
2015,Venkatesh Iyer,Batsman,Indian,24,0,47.61,137.28,413,5,1,2,9.58,39.95,34.07,0.5,4.68,1,Punjab Kings,68.49,14.63
2015,Chris Woakes,Bowler,South African,23,0,22.67,101.99,132,1,0,10,7.94,30.59,20.3,0.2,5.15,1,Royal Challengers Bangalore,22.5,4.37
2015,Andre Russell,All-Rounder,Indian,22,0,8.0,126.47,161,1,0,6,8.27,34.89,20.52,1.0,6.82,1,Royal Challengers Bangalore,37.95,5.57
2015,Ravindra Jadeja,All-Rounder,Indian,23,0,11.46,119.06,340,3,0,3,9.8,32.67,16.5,1.5,5.85,1,Lucknow Super Giants,30.68,5.24
2015,Dinesh Karthik,Batsman,New Zealand,23,0,46.51,145.28,360,6,1,3,7.34,31.17,29.32,0.2,9.2,1,Gujarat Titans,69.39,7.54
2015,Nitish Rana,All-Rounder,Indian,20,0,32.08,118.45,153,1,0,13,6.5,38.99,18.49,1.0,9.17,1,Gujarat Titans,54.31,5.92
2015,Shardul Thakur,Bowler,English,23,0,18.89,126.79,150,1,0,17,7.55,15.48,13.61,0.5,6.45,1,Rajasthan Royals,34.35,5.33
2015,Jimmy Neesham,All-Rounder,Indian,22,0,25.57,128.25,229,2,0,4,8.83,31.49,27.26,1.0,9.01,1,Royal Challengers Bangalore,39.18,4.35
2015,Khaleel Ahmed,Bowler,Indian,22,0,23.62,99.56,91,0,0,8,7.83,19.58,18.85,0.5,2.33,1,Chennai Super Kings,19.42,8.33
2015,Ambati Rayudu,Batsman,West Indian,23,0,31.13,137.0,381,7,1,3,9.51,35.47,21.3,0.5,9.54,1,Royal Challengers Bangalore,61.17,6.41
2015,Dwayne Bravo,All-Rounder,Indian,25,0,17.9,114.58,253,2,0,9,8.8,25.02,26.38,1.0,7.25,1,Gujarat Titans,40.59,5.6
2015,Krunal Pandya,All-Rounder,Indian,22,0,35.27,153.48,133,1,0,8,9.27,40.03,24.33,1.0,8.62,1,Punjab Kings,50.57,5.87
2015,Sanju Samson,Batsman,Indian,18,0,31.88,152.34,316,5,1,0,7.0,34.11,16.17,0.2,5.64,1,Lucknow Super Giants,64.77,11.48
2015,Vijay Shankar,All-Rounder,Australian,23,0,11.65,158.0,129,1,0,10,7.82,39.72,20.22,2.0,16.16,1,Lucknow Super Giants,50.87,3.15
2015,Harbhajan Singh,Bowler,Indian,21,0,10.11,102.7,13,0,0,11,8.27,14.0,16.59,1.0,3.71,1,Chennai Super Kings,21.82,5.88
2015,Ben Stokes,Bowler,Indian,21,0,7.64,115.92,110,0,0,12,9.16,24.41,20.07,0.5,2.38,1,Rajasthan Royals,21.62,9.08
2015,Suryakumar Yadav,Batsman,South African,24,0,19.52,141.72,308,5,0,0,9.05,56.73,33.38,0.5,8.14,1,Punjab Kings,56.48,6.94
2015,Rishabh Pant,Batsman,Indian,23,0,28.9,125.97,517,8,1,0,7.4,40.63,20.1,0.2,4.82,1,Sunrisers Hyderabad,59.69,12.38
2015,Avesh Khan,Bowler,West Indian,20,0,16.04,134.97,99,0,0,14,9.18,27.4,18.14,0.5,6.19,1,Delhi Capitals,24.45,3.95
2015,Manish Pandey,Batsman,Indian,19,0,27.48,119.96,383,5,2,0,9.89,25.96,27.83,0.2,2.77,1,Lucknow Super Giants,54.64,19.73
2015,Glenn Maxwell,Batsman,Indian,20,0,38.1,149.48,296,6,0,4,10.61,37.43,28.92,1.0,4.27,1,Royal Challengers Bangalore,66.0,15.46
2015,KL Rahul,Batsman,Indian,24,0,26.59,97.85,476,8,1,0,9.99,32.81,28.98,2.0,3.68,1,Royal Challengers Bangalore,49.51,13.45
2015,Shahbaz Ahmed,All-Rounder,Indian,24,0,34.57,136.04,185,2,0,11,10.47,24.89,17.86,1.5,8.22,1,Sunrisers Hyderabad,49.05,5.97
2015,Heinrich Klaasen,Batsman,South African,21,0,42.64,173.99,436,8,2,7,9.76,43.36,18.65,2.0,6.18,1,Chennai Super Kings,77.97,12.62
2015,Prithvi Shaw,Batsman,Indian,20,0,38.94,121.14,244,3,1,3,8.6,48.02,20.24,0.2,4.62,1,Delhi Capitals,56.8,12.29
2015,Sam Curran,Bowler,Indian,22,0,15.33,139.07,10,0,0,19,8.01,21.44,12.95,0.5,3.21,1,Mumbai Indians,34.57,10.77
2015,T Natarajan,Bowler,English,24,0,5.67,80.0,109,0,0,15,8.77,14.82,21.16,0.5,4.3,1,Gujarat Titans,27.28,6.34
2015,Ravindra Jadeja,Bowler,Indian,23,0,8.9,126.37,52,0,0,11,8.2,24.95,14.29,1.0,4.16,1,Chennai Super Kings,22.42,5.39
2015,Dawid Malan,Batsman,Indian,21,0,28.42,99.77,177,4,1,7,11.06,24.99,36.0,0.5,7.53,1,Chennai Super Kings,44.84,5.95
2015,Pat Cummins,Bowler,South African,19,0,12.94,106.83,15,0,0,8,6.87,34.51,20.74,0.2,5.01,1,Royal Challengers Bangalore,21.54,4.3
2015,Wriddhiman Saha,Batsman,New Zealand,23,0,32.2,112.6,144,2,0,6,9.71,44.78,29.17,2.0,10.52,1,Lucknow Super Giants,49.54,4.71
2015,Mohammed Shami,Bowler,Indian,23,0,12.83,140.51,35,0,0,15,8.91,22.14,18.3,0.5,2.82,1,Delhi Capitals,26.12,9.26
2015,Quinton de Kock,Batsman,Indian,24,0,20.01,158.5,294,6,1,6,8.79,45.16,20.24,1.5,9.31,1,Kolkata Knight Riders,61.43,6.6
2015,Kieron Pollard,All-Rounder,Indian,24,0,20.19,135.98,216,2,0,12,8.95,29.05,18.18,1.0,8.45,1,Delhi Capitals,48.74,5.77
2015,Umesh Yadav,Bowler,Indian,22,0,6.85,104.67,39,0,0,21,9.52,30.91,17.48,1.0,6.81,1,Rajasthan Royals,33.33,4.89
2015,Kane Williamson,Batsman,Indian,21,0,48.04,150.92,293,5,1,4,9.88,44.83,33.99,0.2,8.76,1,Lucknow Super Giants,70.35,8.03
2015,Kagiso Rabada,Bowler,Australian,22,0,23.42,104.1,10,0,0,7,8.38,22.66,20.3,1.0,3.67,1,Chennai Super Kings,15.46,4.21
2015,Lockie Ferguson,Bowler,South African,23,0,27.49,108.3,105,0,0,12,8.93,14.88,16.98,0.5,3.62,1,Kolkata Knight Riders,22.26,6.15
2015,Rashid Khan,Bowler,Indian,18,0,18.73,80.46,56,0,0,10,8.11,27.72,17.71,1.5,2.62,1,Mumbai Indians,21.23,8.1
2015,Tilak Varma,Batsman,Indian,22,0,38.44,154.74,354,6,1,3,11.53,45.29,24.87,0.2,5.94,1,Gujarat Titans,68.88,11.6
2015,Ben Stokes,All-Rounder,Indian,21,0,25.9,102.47,111,1,0,12,8.75,32.77,20.14,1.0,7.66,1,Mumbai Indians,43.87,5.73
2015,Bhuvneshwar Kumar,Bowler,Indian,23,0,7.36,146.11,48,0,0,25,8.3,30.08,10.0,0.5,4.37,1,Mumbai Indians,43.08,9.86
2015,Ruturaj Gaikwad,Batsman,Indian,23,0,26.8,156.78,454,7,2,3,9.62,45.65,20.9,0.5,8.96,1,Chennai Super Kings,66.83,7.46
2016,Lockie Ferguson,Bowler,South African,24,1,10.93,81.53,94,0,0,10,10.29,25.01,16.96,0.5,3.65,1,Punjab Kings,15.94,4.37
2016,Sanju Samson,Batsman,Indian,20,0,16.53,116.27,221,4,0,5,10.98,32.86,23.7,1.0,5.74,1,Sunrisers Hyderabad,45.91,8.0
2016,Dwayne Bravo,Bowler,Indian,27,0,14.1,100.49,71,0,0,14,8.05,20.99,18.87,1.0,5.76,1,Punjab Kings,27.56,4.78
2016,Tilak Varma,Batsman,Indian,23,0,29.01,116.88,445,8,2,6,12.85,28.34,14.0,0.2,4.69,1,Royal Challengers Bangalore,55.57,11.85
2016,Ben Stokes,Bowler,Indian,23,0,15.26,137.67,109,0,0,16,8.85,36.1,18.64,0.5,5.27,1,Kolkata Knight Riders,28.54,5.42
2016,Axar Patel,Batsman,Indian,23,1,38.56,147.13,518,9,1,6,8.53,39.81,21.78,1.0,7.02,1,Gujarat Titans,69.92,9.96
2016,Glenn Maxwell,Batsman,Indian,21,0,29.54,141.94,379,6,1,7,7.72,31.01,28.62,0.2,7.0,1,Mumbai Indians,61.98,8.85
2016,Dwayne Bravo,All-Rounder,Indian,26,0,20.86,150.54,163,1,0,10,9.68,27.66,26.49,1.0,9.31,1,Lucknow Super Giants,47.96,5.15
2016,Kyle Jamieson,Bowler,Indian,20,0,21.73,143.83,86,0,0,6,8.06,27.8,12.09,0.5,3.88,1,Mumbai Indians,15.68,4.04
2016,Yashasvi Jaiswal,Batsman,Indian,22,1,41.31,121.27,296,4,0,4,10.25,52.21,36.0,0.2,4.66,1,Royal Challengers Bangalore,58.82,12.62
2016,Andre Russell,All-Rounder,Indian,22,1,28.95,142.45,290,3,0,11,7.57,30.26,26.25,1.0,12.34,1,Gujarat Titans,53.79,4.36
2016,Mohammed Siraj,Bowler,English,24,1,6.44,128.34,20,0,0,15,8.73,18.03,20.56,0.5,4.04,1,Kolkata Knight Riders,26.51,6.56
2016,Rishabh Pant,Batsman,Indian,23,0,28.38,95.0,159,2,0,5,10.06,39.79,23.85,0.2,4.51,1,Chennai Super Kings,43.03,9.54
2016,Quinton de Kock,Batsman,Indian,25,0,29.41,138.86,173,2,1,2,9.59,27.2,21.17,0.5,8.84,1,Gujarat Titans,56.88,6.43
2016,Kieron Pollard,All-Rounder,Indian,25,1,30.92,140.47,195,2,0,7,9.16,22.41,29.06,2.0,11.76,1,Gujarat Titans,45.9,3.9
2016,T Natarajan,Bowler,English,25,1,18.11,143.78,236,1,0,12,10.79,31.03,16.6,0.2,5.85,1,Punjab Kings,20.36,3.48
2016,Yuzvendra Chahal,Bowler,Indian,25,0,11.09,104.35,80,0,0,14,8.83,20.56,16.9,0.5,7.0,1,Delhi Capitals,25.31,3.62
2016,Harshal Patel,Bowler,Indian,24,0,18.04,80.0,49,0,0,11,6.56,21.15,11.62,1.0,4.9,1,Rajasthan Royals,27.31,5.57
2016,Marcus Stoinis,All-Rounder,South African,24,0,30.53,145.46,33,0,0,4,6.77,42.01,19.47,2.0,22.8,1,Delhi Capitals,47.98,2.1
2016,Prasidh Krishna,Bowler,Indian,24,0,9.67,85.01,59,0,0,2,7.61,27.74,15.09,1.0,4.08,1,Royal Challengers Bangalore,10.76,2.64
2016,Ishan Kishan,Batsman,Indian,22,0,31.8,159.11,415,7,2,1,7.0,37.35,17.07,0.5,7.74,1,Sunrisers Hyderabad,68.75,8.88
2016,Sam Curran,All-Rounder,Indian,24,0,36.02,158.75,79,0,0,5,9.36,25.9,12.0,1.0,8.3,1,Chennai Super Kings,48.04,5.79
2016,Prithvi Shaw,Batsman,Indian,21,1,19.55,130.29,570,9,2,5,11.61,20.0,27.02,1.0,3.49,1,Sunrisers Hyderabad,58.31,16.71
2016,Deepak Chahar,Bowler,New Zealand,22,1,21.18,120.25,94,0,0,13,8.11,23.78,19.91,0.2,5.66,1,Chennai Super Kings,26.11,4.61
2016,Kuldeep Yadav,Bowler,Indian,24,0,16.15,95.32,47,0,0,20,10.57,22.72,17.27,0.5,5.09,1,Lucknow Super Giants,30.47,5.99
2016,Ajinkya Rahane,Batsman,Indian,20,0,25.03,145.26,237,5,1,4,8.56,54.14,22.86,1.0,6.47,1,Royal Challengers Bangalore,58.33,9.02
2016,Sam Curran,Bowler,Indian,24,0,14.38,114.41,140,1,0,9,8.65,27.04,17.79,1.5,3.92,1,Chennai Super Kings,18.95,4.83
2016,Ravindra Jadeja,All-Rounder,Indian,23,0,16.37,160.62,142,1,0,9,10.11,26.23,21.7,1.5,12.93,1,Rajasthan Royals,47.02,3.64
2016,Ravindra Jadeja,Bowler,Indian,23,0,20.41,111.95,78,0,0,15,7.82,29.69,20.92,0.5,3.53,1,Royal Challengers Bangalore,29.82,8.45
2016,Aaron Finch,Batsman,Australian,24,0,44.76,122.75,231,3,1,0,7.56,28.99,25.02,1.0,8.98,1,Lucknow Super Giants,59.35,6.61
2016,Mitchell Marsh,All-Rounder,Australian,25,0,45.0,128.66,56,0,0,8,6.5,24.27,28.12,1.5,17.96,1,Gujarat Titans,53.58,2.98
2016,Avesh Khan,Bowler,West Indian,21,1,19.55,121.19,116,0,0,13,7.3,22.32,10.23,0.5,6.06,1,Lucknow Super Giants,28.76,4.75
2016,Heinrich Klaasen,Batsman,South African,22,0,51.65,155.62,380,6,1,1,7.91,35.63,25.98,0.2,12.47,1,Chennai Super Kings,74.95,6.01
2016,Washington Sundar,Batsman,Indian,22,0,19.26,145.93,347,6,1,4,8.63,35.64,26.83,1.0,6.49,1,Delhi Capitals,58.42,9.0
2016,Ruturaj Gaikwad,Batsman,Indian,24,1,42.6,145.6,262,3,0,4,9.76,37.65,14.29,0.5,9.29,1,Chennai Super Kings,65.96,7.1
2016,Nitish Rana,All-Rounder,Indian,21,0,36.74,111.44,243,2,0,4,11.69,19.34,22.62,2.0,6.9,1,Delhi Capitals,36.27,5.26
2016,Jos Buttler,Batsman,Indian,23,0,27.62,121.12,265,5,1,1,10.6,21.48,28.0,1.0,4.5,1,Gujarat Titans,52.68,11.71
2016,Devon Conway,Batsman,Australian,22,0,39.81,157.87,386,6,2,1,8.93,32.96,20.51,0.2,7.79,1,Rajasthan Royals,71.0,9.11
2016,Venkatesh Iyer,Batsman,Indian,26,0,41.91,134.13,287,4,1,3,10.0,43.34,14.0,0.5,8.49,1,Delhi Capitals,62.74,7.39
2016,Khaleel Ahmed,Bowler,Indian,22,0,6.0,85.75,99,0,0,12,9.24,14.0,22.24,0.2,3.55,1,Delhi Capitals,21.27,5.99
2016,Shreyas Iyer,Batsman,Indian,24,1,44.67,132.48,547,9,2,0,8.13,32.18,29.19,0.2,9.68,1,Chennai Super Kings,68.55,7.08
2016,Krunal Pandya,All-Rounder,Indian,22,0,24.42,95.78,164,1,0,11,9.38,24.29,28.45,1.0,12.77,1,Mumbai Indians,39.7,3.11
2016,Umesh Yadav,Bowler,Indian,23,1,15.49,112.82,165,1,0,12,8.52,25.93,14.33,0.2,5.06,1,Rajasthan Royals,24.09,4.76
2016,Shubman Gill,Batsman,Indian,27,0,28.53,128.21,360,6,1,4,8.42,60.0,29.47,0.2,4.09,1,Delhi Capitals,57.08,13.95
2016,Anrich Nortje,Bowler,Indian,26,0,15.06,86.14,36,0,0,10,7.47,22.88,17.23,2.0,6.41,1,Sunrisers Hyderabad,22.95,3.58
2016,Shivam Dube,All-Rounder,Indian,24,0,29.08,118.82,54,0,0,13,10.29,16.0,17.19,1.0,8.06,1,Lucknow Super Giants,46.63,5.79
2016,Virat Kohli,Batsman,Indian,23,1,27.49,130.6,345,6,0,0,8.92,36.7,24.96,1.5,7.74,1,Chennai Super Kings,57.08,7.37
2016,Suryakumar Yadav,Batsman,South African,26,1,35.93,119.5,446,6,2,5,12.07,24.41,26.28,0.5,5.53,1,Royal Challengers Bangalore,59.14,10.69
2016,Sunil Narine,Bowler,Indian,22,1,11.54,80.0,77,0,0,15,6.43,25.1,16.94,0.2,6.43,1,Rajasthan Royals,33.98,5.28
2016,David Warner,Batsman,Indian,20,0,18.06,137.91,303,5,1,4,10.16,47.06,22.16,2.0,8.33,1,Punjab Kings,54.66,6.56
2016,Hardik Pandya,Batsman,Indian,23,0,26.65,156.72,277,3,0,8,9.37,44.21,32.46,1.5,10.81,1,Mumbai Indians,63.22,5.85
2016,Chris Morris,All-Rounder,Indian,25,0,23.13,147.52,216,2,0,9,9.83,36.59,19.38,0.5,8.58,1,Rajasthan Royals,46.43,5.41
2016,Faf du Plessis,Batsman,Indian,23,0,39.59,138.63,267,3,1,5,8.21,26.2,29.77,0.5,7.54,1,Kolkata Knight Riders,62.76,8.32
2016,Dinesh Karthik,Batsman,New Zealand,24,0,32.46,142.83,533,8,1,4,8.26,37.02,29.16,0.5,5.55,1,Chennai Super Kings,66.49,11.98
2016,Hardik Pandya,All-Rounder,Indian,23,0,20.61,121.37,241,2,0,7,7.06,34.39,21.52,2.0,10.97,1,Lucknow Super Giants,43.71,3.98
2016,Rohit Sharma,Batsman,Indian,23,0,22.07,148.9,194,4,1,3,9.99,35.3,23.43,1.0,6.73,1,Gujarat Titans,57.38,8.53
2016,R Ashwin,Bowler,Indian,20,0,22.74,129.81,91,0,0,5,7.95,18.9,14.68,0.5,2.83,1,Royal Challengers Bangalore,14.56,5.14
2017,Mohammed Siraj,Bowler,English,25,0,24.27,135.79,141,1,0,2,9.64,24.5,18.25,0.2,1.24,1,Lucknow Super Giants,5.49,4.43
2017,Shubman Gill,Batsman,Indian,27,0,20.4,118.09,295,6,0,0,9.07,25.58,31.26,0.2,6.58,1,Punjab Kings,49.49,7.52
2017,Manish Pandey,Batsman,Indian,22,0,45.45,124.48,489,6,1,1,9.54,45.75,20.77,0.2,8.48,1,Punjab Kings,65.3,7.7
2017,Lockie Ferguson,Bowler,South African,25,0,24.79,136.04,62,0,0,16,8.19,31.87,21.46,1.0,6.44,1,Lucknow Super Giants,30.05,4.67
2017,Liam Livingstone,All-Rounder,Indian,30,1,8.0,135.39,281,3,0,6,7.97,18.82,23.87,1.0,11.09,1,Kolkata Knight Riders,40.34,3.64
2017,Yashasvi Jaiswal,Batsman,Indian,24,0,41.77,148.48,322,5,1,0,11.3,20.0,16.48,0.5,9.72,1,Punjab Kings,67.69,6.96
2017,Heinrich Klaasen,Batsman,South African,23,1,37.74,168.16,591,10,1,5,8.88,40.29,19.85,0.5,7.26,1,Gujarat Titans,77.36,10.66
2017,Ambati Rayudu,Batsman,West Indian,26,0,23.11,137.07,374,6,1,1,11.99,30.43,20.39,1.0,10.62,1,Punjab Kings,57.84,5.45
2017,Faf du Plessis,Batsman,Indian,23,2,31.57,152.63,315,5,1,0,9.4,37.45,30.96,0.2,8.06,1,Delhi Capitals,64.72,8.03
2017,Harbhajan Singh,Bowler,Indian,24,0,5.0,134.45,144,1,0,10,8.28,27.1,10.75,1.0,3.9,1,Kolkata Knight Riders,21.6,5.54
2017,Shreyas Iyer,Batsman,Indian,25,0,35.57,125.34,283,6,0,0,8.59,51.29,25.58,0.5,6.58,1,Gujarat Titans,57.49,8.74
2017,Kyle Jamieson,Bowler,Indian,21,0,17.57,130.25,110,0,0,10,7.21,24.52,12.71,0.2,1.91,1,Sunrisers Hyderabad,24.47,12.81
2017,Washington Sundar,Batsman,Indian,24,0,30.39,135.45,335,6,1,6,10.92,28.11,22.19,2.0,7.28,1,Sunrisers Hyderabad,59.49,8.17
2017,Dinesh Karthik,Batsman,New Zealand,25,1,26.83,123.61,332,5,1,0,7.33,35.95,21.84,0.5,10.75,1,Lucknow Super Giants,54.46,5.07
2017,Umesh Yadav,Bowler,Indian,25,0,25.97,159.42,83,0,0,8,7.29,14.9,14.93,0.5,5.64,1,Royal Challengers Bangalore,20.96,3.72
2017,Rashid Khan,Bowler,Indian,18,2,15.68,83.36,175,1,0,12,10.45,30.48,15.21,1.5,5.73,1,Delhi Capitals,19.75,3.45
2017,Venkatesh Iyer,Batsman,Indian,27,2,34.38,151.7,406,6,2,0,9.54,49.12,23.52,2.0,11.87,1,Kolkata Knight Riders,67.38,5.68
2017,Chris Morris,All-Rounder,Indian,26,0,26.73,112.55,169,1,0,10,9.18,27.48,13.71,2.0,8.33,1,Kolkata Knight Riders,42.83,5.14
2017,Cameron Green,All-Rounder,English,27,1,21.87,90.0,228,2,0,14,8.68,16.0,17.51,0.5,16.65,1,Royal Challengers Bangalore,42.91,2.58
2017,Rishabh Pant,Batsman,Indian,25,2,33.95,129.74,532,9,1,2,10.17,22.86,35.66,1.0,5.94,1,Mumbai Indians,63.14,10.63
2017,Deepak Chahar,Bowler,New Zealand,23,1,15.23,117.98,132,1,0,10,9.63,17.27,15.39,1.0,5.66,1,Sunrisers Hyderabad,17.43,3.08
2017,Jimmy Neesham,All-Rounder,Indian,23,2,30.07,120.44,210,2,0,5,10.7,24.39,19.01,2.0,11.22,1,Sunrisers Hyderabad,37.61,3.35
2017,Jasprit Bumrah,Bowler,Indian,22,0,17.46,109.69,140,1,0,21,8.04,18.15,21.43,0.5,6.12,1,Gujarat Titans,38.78,6.34
2017,Ruturaj Gaikwad,Batsman,Indian,25,1,31.22,163.41,384,6,2,2,10.31,43.85,30.02,1.0,15.43,1,Punjab Kings,69.19,4.48
2017,Ravindra Jadeja,Bowler,Indian,24,0,17.2,155.44,86,0,0,10,8.18,22.18,20.2,0.5,2.68,1,Punjab Kings,21.32,7.96
2017,Jason Holder,All-Rounder,Australian,23,1,19.41,130.98,125,1,0,3,10.41,28.8,17.21,1.0,6.68,1,Royal Challengers Bangalore,34.65,5.19
2017,Anrich Nortje,Bowler,Indian,26,2,10.6,115.79,140,1,0,21,8.52,27.85,19.61,0.5,13.9,1,Chennai Super Kings,37.34,2.69
2017,Rinku Singh,Batsman,Indian,26,0,23.04,136.02,231,4,1,1,9.38,41.35,27.48,1.0,9.75,1,Kolkata Knight Riders,54.64,5.6
2017,Moeen Ali,All-Rounder,Indian,27,1,22.2,90.0,287,3,0,9,10.72,32.28,31.45,0.5,7.96,1,Lucknow Super Giants,34.35,4.32
2017,Adam Zampa,Bowler,South African,27,0,15.64,104.67,88,0,0,13,6.0,14.8,26.19,0.5,7.2,1,Mumbai Indians,32.38,4.5
2017,Shardul Thakur,Bowler,English,25,1,15.49,82.93,91,0,0,10,8.58,32.04,10.0,1.5,6.62,1,Chennai Super Kings,20.17,3.05
2017,Nitish Rana,All-Rounder,Indian,21,0,29.95,116.49,323,3,0,8,8.23,28.49,18.53,1.0,9.68,1,Royal Challengers Bangalore,43.93,4.54
2017,Rohit Sharma,Batsman,Indian,23,0,28.98,148.36,479,7,1,4,9.18,25.13,23.21,0.2,7.5,1,Sunrisers Hyderabad,65.68,8.76
2017,Prithvi Shaw,Batsman,Indian,22,0,46.26,118.83,447,6,2,3,7.79,35.07,26.71,1.0,6.56,1,Lucknow Super Giants,63.09,9.62
2017,Glenn Maxwell,Batsman,Indian,22,0,22.85,139.95,346,6,0,2,13.0,30.14,14.0,1.0,8.41,1,Royal Challengers Bangalore,58.04,6.9
2017,Jos Buttler,Batsman,Indian,25,0,40.38,131.96,261,3,0,2,9.89,45.51,20.63,0.5,5.95,1,Sunrisers Hyderabad,60.96,10.25
2017,Bhuvneshwar Kumar,Bowler,Indian,25,0,5.0,99.75,10,0,0,17,10.1,28.68,13.05,0.2,5.89,1,Kolkata Knight Riders,25.6,4.35
2017,Marcus Stoinis,All-Rounder,South African,26,0,22.92,136.61,30,0,0,9,9.37,37.28,26.11,1.5,13.62,1,Lucknow Super Giants,45.11,3.31
2017,KL Rahul,Batsman,Indian,25,0,25.52,145.63,293,6,0,2,9.35,39.09,17.41,0.2,6.34,1,Kolkata Knight Riders,59.76,9.43
2017,Ishan Kishan,Batsman,Indian,22,0,23.23,137.35,300,4,0,6,9.86,44.04,14.76,0.5,4.46,1,Sunrisers Hyderabad,56.5,12.67
2017,Trent Boult,Bowler,Indian,21,2,30.8,80.0,89,0,0,12,7.68,30.12,19.17,0.2,5.95,1,Delhi Capitals,25.85,4.34
2017,Axar Patel,Batsman,Indian,23,1,16.17,151.46,261,5,0,3,9.19,58.34,25.75,0.5,8.65,1,Delhi Capitals,57.13,6.6
2017,Mitchell Marsh,All-Rounder,Australian,25,0,19.14,137.1,265,2,0,11,10.96,38.93,17.03,0.5,6.99,1,Rajasthan Royals,45.4,6.5
2017,Shivam Dube,All-Rounder,Indian,25,2,25.88,121.14,332,3,0,8,9.29,27.8,25.63,1.5,10.55,1,Royal Challengers Bangalore,41.72,3.95
2017,Kuldeep Yadav,Bowler,Indian,25,1,31.04,136.05,234,1,0,8,7.93,28.05,19.15,0.5,4.47,1,Kolkata Knight Riders,20.55,4.6
2017,Jason Holder,Bowler,Australian,23,1,15.47,138.75,195,1,0,20,7.57,30.08,17.85,1.0,15.28,1,Kolkata Knight Riders,39.24,2.57
2017,Harshal Patel,Bowler,Indian,25,2,20.72,126.29,163,1,0,18,7.43,26.59,20.2,1.0,9.25,1,Punjab Kings,36.34,3.93
2017,Piyush Chawla,Bowler,Indian,24,0,11.28,121.89,192,1,0,8,9.35,17.24,25.44,0.5,3.36,1,Rajasthan Royals,15.87,4.72
2017,Mohammed Shami,Bowler,Indian,24,0,15.18,128.39,72,0,0,10,9.95,24.02,16.28,0.2,2.56,1,Punjab Kings,15.87,6.2
2017,Quinton de Kock,Batsman,Indian,26,2,35.41,131.9,238,4,0,0,9.08,41.33,14.76,1.0,8.83,1,Kolkata Knight Riders,58.49,6.62
2017,Arshdeep Singh,Bowler,South African,22,0,12.56,84.58,57,0,0,14,9.01,26.44,22.2,0.5,5.2,1,Punjab Kings,24.54,4.72
2017,Imran Tahir,Bowler,Indian,25,2,19.84,93.58,148,1,0,18,9.47,40.56,18.57,0.5,5.08,1,Gujarat Titans,30.07,5.92
2017,Prasidh Krishna,Bowler,Indian,25,0,9.21,135.59,47,0,0,10,8.87,20.31,19.78,1.5,6.77,1,Sunrisers Hyderabad,18.86,2.79
2017,Virat Kohli,Batsman,Indian,25,2,25.13,158.26,397,7,1,0,8.79,43.74,25.58,0.5,8.81,1,Rajasthan Royals,65.47,7.43
2017,Amit Mishra,Bowler,Indian,25,0,16.11,125.13,144,1,0,12,8.75,29.42,15.34,1.5,4.36,1,Punjab Kings,23.19,5.32
2017,Wriddhiman Saha,Batsman,New Zealand,25,0,23.56,157.05,374,5,2,2,9.49,25.3,29.9,0.5,9.07,1,Lucknow Super Giants,64.02,7.06
2017,Shahbaz Ahmed,All-Rounder,Indian,26,1,14.17,99.67,368,4,0,7,8.28,31.38,18.15,2.0,16.02,1,Sunrisers Hyderabad,35.32,2.2
2017,Chris Woakes,Bowler,South African,24,1,19.04,111.38,132,1,0,11,7.79,35.79,13.77,0.2,6.41,1,Delhi Capitals,24.45,3.81
2017,Avesh Khan,Bowler,West Indian,22,0,15.25,92.95,144,1,0,9,7.93,18.03,10.0,0.5,4.7,1,Sunrisers Hyderabad,21.15,4.5
2017,David Warner,Batsman,Indian,22,2,36.94,144.61,416,5,2,1,7.0,31.71,21.35,1.5,8.93,1,Punjab Kings,66.48,7.44
2017,Liam Livingstone,Batsman,Indian,30,0,37.38,148.65,307,4,0,1,9.65,50.49,16.57,0.2,5.67,1,Punjab Kings,65.69,11.59
2017,Khaleel Ahmed,Bowler,Indian,24,1,21.17,117.88,141,1,0,23,8.65,30.92,13.26,0.2,5.72,1,Sunrisers Hyderabad,39.96,6.99
2017,Ravindra Jadeja,All-Rounder,Indian,24,1,18.8,112.06,412,4,0,8,7.9,27.71,22.69,0.5,9.39,1,Gujarat Titans,40.91,4.36
2017,Hardik Pandya,All-Rounder,Indian,23,2,29.38,156.96,156,1,0,6,8.83,30.64,25.61,2.0,14.15,1,Punjab Kings,48.28,3.41
2018,David Warner,Batsman,Indian,23,2,39.9,136.63,391,5,2,3,7.87,33.44,24.23,0.2,11.27,1,Chennai Super Kings,64.77,5.75
2018,Shivam Dube,All-Rounder,Indian,26,1,24.75,136.24,114,1,0,9,11.78,17.1,19.71,2.0,15.5,1,Gujarat Titans,44.24,2.85
2018,Harshal Patel,Bowler,Indian,25,3,12.42,127.95,34,0,0,20,10.63,15.82,17.76,2.0,7.06,1,Gujarat Titans,30.34,4.3
2018,Devon Conway,Batsman,Australian,24,3,25.42,161.71,369,6,2,7,8.54,39.88,34.83,0.2,12.09,1,Rajasthan Royals,66.06,5.46
2018,Prasidh Krishna,Bowler,Indian,25,0,18.37,124.18,168,1,0,13,7.54,31.62,22.47,0.2,5.6,1,Rajasthan Royals,28.56,5.1
2018,Wriddhiman Saha,Batsman,New Zealand,26,3,35.76,150.85,451,6,1,0,12.65,32.53,21.85,0.5,11.91,1,Lucknow Super Giants,68.58,5.76
2018,Ishan Kishan,Batsman,Indian,23,1,59.97,111.66,660,9,2,2,7.0,45.08,19.89,0.5,13.33,1,Mumbai Indians,70.69,5.3
2018,Tristan Stubbs,Batsman,South African,27,0,25.57,151.43,219,3,1,5,12.46,20.0,33.7,0.2,10.72,1,Sunrisers Hyderabad,60.04,5.6
2018,Harbhajan Singh,Bowler,Indian,24,3,23.52,103.24,44,0,0,19,7.17,17.82,15.28,1.0,9.4,1,Punjab Kings,37.43,3.98
2018,Anrich Nortje,Bowler,Indian,28,1,15.07,130.61,185,1,0,12,7.63,29.75,21.15,1.0,7.48,1,Sunrisers Hyderabad,26.96,3.6
2018,Axar Patel,Batsman,Indian,24,2,27.16,137.12,474,8,2,2,12.0,59.34,20.1,0.5,8.99,1,Punjab Kings,61.48,6.84
2018,Umesh Yadav,Bowler,Indian,26,2,10.61,92.49,58,0,0,12,9.66,28.92,15.99,0.5,6.17,1,Lucknow Super Giants,19.6,3.18
2018,Dwayne Bravo,All-Rounder,Indian,28,1,18.02,109.53,209,2,0,5,9.72,22.74,14.14,1.0,8.64,1,Gujarat Titans,32.97,3.82
2018,Adam Zampa,Bowler,South African,29,0,10.02,126.5,125,1,0,19,8.98,14.98,21.21,1.0,6.56,1,Sunrisers Hyderabad,32.81,5.0
2018,Shahbaz Ahmed,All-Rounder,Indian,26,0,18.07,138.78,215,2,0,9,8.34,25.35,17.91,0.5,13.12,1,Gujarat Titans,46.39,3.54
2018,Jasprit Bumrah,Bowler,Indian,23,1,7.21,88.11,173,1,0,18,8.96,24.53,10.0,0.2,5.81,1,Rajasthan Royals,31.85,5.48
2018,Shardul Thakur,Bowler,English,26,2,12.61,121.6,149,1,0,22,8.26,41.54,18.23,0.5,17.24,1,Chennai Super Kings,39.71,2.3
2018,Rinku Singh,Batsman,Indian,26,1,37.59,145.58,449,8,1,1,8.01,32.2,17.3,1.5,8.26,1,Sunrisers Hyderabad,67.69,8.19
2018,Liam Livingstone,All-Rounder,Indian,30,2,22.56,118.59,272,3,0,10,7.94,24.53,13.87,1.0,10.89,1,Sunrisers Hyderabad,45.48,4.18
2018,Kyle Jamieson,Bowler,Indian,22,0,11.22,148.74,67,0,0,3,6.86,31.41,16.38,1.5,3.87,1,Rajasthan Royals,14.59,3.77
2018,KL Rahul,Batsman,Indian,27,3,27.53,144.12,550,7,2,4,9.46,32.33,26.33,0.5,9.5,1,Sunrisers Hyderabad,65.25,6.87
2018,Nitish Rana,All-Rounder,Indian,23,1,11.08,109.41,95,1,0,6,8.69,17.85,15.39,1.5,7.09,1,Royal Challengers Bangalore,34.47,4.86
2018,Rashid Khan,Bowler,Indian,19,0,7.88,122.59,205,1,0,8,7.14,23.45,25.18,1.0,5.22,1,Kolkata Knight Riders,22.63,4.34
2018,Ruturaj Gaikwad,Batsman,Indian,26,1,45.31,151.05,286,4,0,8,7.2,40.14,27.43,0.5,10.47,1,Rajasthan Royals,69.16,6.61
2018,Suryakumar Yadav,Batsman,South African,28,1,25.35,150.56,386,7,2,9,10.59,31.77,25.57,0.5,12.15,1,Gujarat Titans,63.03,5.19
2018,Shubman Gill,Batsman,Indian,28,1,46.0,162.87,234,3,1,5,11.09,40.12,23.56,0.2,10.15,1,Lucknow Super Giants,71.94,7.09
2018,Hardik Pandya,All-Rounder,Indian,25,3,23.53,113.68,363,4,0,16,8.05,29.68,22.5,2.0,16.83,1,Lucknow Super Giants,51.72,3.07
2018,Aaron Finch,Batsman,Australian,26,2,34.64,95.0,547,7,1,0,10.4,29.14,29.12,2.0,11.18,1,Chennai Super Kings,53.3,4.77
2018,Quinton de Kock,Batsman,Indian,28,2,30.15,164.16,269,4,1,5,13.0,34.47,26.3,0.5,8.77,1,Punjab Kings,66.69,7.6
2018,Ben Stokes,All-Rounder,Indian,25,0,21.29,127.09,222,2,0,1,8.78,23.17,17.53,1.5,12.93,1,Lucknow Super Giants,34.38,2.66
2018,Rohit Sharma,Batsman,Indian,25,2,32.34,119.93,532,9,2,5,11.54,32.61,35.22,0.2,5.11,1,Sunrisers Hyderabad,59.56,11.65
2018,Pat Cummins,Bowler,South African,23,0,17.89,127.04,132,1,0,10,8.05,25.97,17.34,1.5,3.92,1,Sunrisers Hyderabad,22.17,5.66
2018,Sanju Samson,Batsman,Indian,21,3,28.2,156.6,643,11,1,3,8.74,20.0,22.72,0.2,8.56,1,Chennai Super Kings,71.12,8.31
2018,Dwayne Bravo,Bowler,Indian,28,2,18.44,122.67,138,1,0,11,7.03,25.26,14.32,0.2,4.7,1,Punjab Kings,26.79,5.7
2018,Tilak Varma,Batsman,Indian,25,2,26.1,125.43,443,6,1,4,7.12,20.0,35.23,1.0,9.6,1,Delhi Capitals,56.93,5.93
2018,Lockie Ferguson,Bowler,South African,26,1,18.18,80.0,88,0,0,14,8.36,25.81,20.03,0.5,7.46,1,Sunrisers Hyderabad,26.8,3.59
2018,Prithvi Shaw,Batsman,Indian,23,1,28.22,114.88,374,5,1,3,9.05,34.5,36.0,1.0,6.17,1,Punjab Kings,53.23,8.63
2018,Mohammed Shami,Bowler,Indian,26,1,17.1,127.69,173,1,0,18,9.48,23.4,15.62,0.5,5.44,1,Rajasthan Royals,30.29,5.57
2018,Faf du Plessis,Batsman,Indian,24,0,34.67,132.64,339,4,1,6,11.36,30.43,23.74,0.2,8.28,1,Delhi Capitals,60.44,7.3
2018,Venkatesh Iyer,Batsman,Indian,28,1,36.58,124.52,408,5,1,6,10.68,20.0,19.5,1.0,9.13,1,Delhi Capitals,60.15,6.59
2018,R Ashwin,Bowler,Indian,21,2,11.37,80.0,173,1,0,22,8.98,17.17,16.19,1.0,7.42,1,Chennai Super Kings,37.79,5.09
2018,Glenn Maxwell,Batsman,Indian,23,2,32.83,127.58,602,8,2,0,9.63,49.1,26.46,1.0,7.66,1,Rajasthan Royals,63.45,8.28
2018,Vijay Shankar,All-Rounder,Australian,26,3,15.38,154.15,185,2,0,9,9.63,17.74,27.35,2.0,14.73,1,Lucknow Super Giants,46.22,3.14
2018,Ravindra Jadeja,All-Rounder,Indian,26,2,23.35,103.66,171,1,0,13,7.98,20.94,16.21,1.0,10.5,1,Kolkata Knight Riders,46.21,4.4
2018,Trent Boult,Bowler,Indian,23,2,17.28,150.4,57,0,0,17,6.02,14.0,16.67,0.5,9.87,1,Sunrisers Hyderabad,38.01,3.85
2018,Moeen Ali,All-Rounder,Indian,27,1,25.2,139.07,127,1,0,5,9.58,21.36,22.32,1.0,7.22,1,Gujarat Titans,40.95,5.67
2018,Deepak Chahar,Bowler,New Zealand,23,1,14.06,143.78,154,1,0,18,7.71,20.96,10.2,0.5,8.88,1,Chennai Super Kings,35.41,3.99
2018,Amit Mishra,Bowler,Indian,26,2,23.01,128.85,184,1,0,26,9.36,25.98,23.54,2.0,15.29,1,Rajasthan Royals,42.76,2.8
2018,Bhuvneshwar Kumar,Bowler,Indian,26,2,9.97,123.99,219,1,0,25,7.82,29.75,22.56,1.0,6.7,1,Delhi Capitals,46.23,6.9
2018,Andre Russell,All-Rounder,Indian,24,3,28.38,145.7,235,2,0,11,11.34,24.46,14.71,2.0,19.98,1,Lucknow Super Giants,49.44,2.47
2018,Rishabh Pant,Batsman,Indian,26,1,36.18,161.96,491,8,2,4,9.57,40.58,14.0,0.2,9.01,1,Mumbai Indians,72.88,8.09
2018,Dinesh Karthik,Batsman,New Zealand,27,3,26.82,141.94,419,7,2,3,8.93,36.78,24.99,1.0,12.49,1,Lucknow Super Giants,61.69,4.94
2018,Ben Stokes,Bowler,Indian,25,1,8.22,128.7,147,1,0,9,9.27,20.21,18.01,2.0,6.43,1,Royal Challengers Bangalore,17.16,2.67
2018,Shreyas Iyer,Batsman,Indian,25,0,28.45,143.93,251,3,0,0,9.19,27.53,22.94,0.2,5.33,1,Chennai Super Kings,59.58,11.18
2018,Dawid Malan,Batsman,Indian,25,3,41.86,95.0,420,6,2,1,7.38,22.0,29.11,0.2,13.19,1,Gujarat Titans,53.64,4.07
2018,Manish Pandey,Batsman,Indian,23,1,22.67,138.32,218,4,0,5,9.38,26.67,29.49,0.2,6.54,1,Sunrisers Hyderabad,54.92,8.4
2018,Hardik Pandya,Batsman,Indian,24,0,27.68,118.34,376,5,1,3,9.76,24.61,24.1,0.5,6.64,1,Sunrisers Hyderabad,54.09,8.15
2019,Wriddhiman Saha,Batsman,New Zealand,27,3,41.98,136.88,584,9,2,1,8.71,20.0,21.05,0.2,16.59,1,Delhi Capitals,69.54,4.19
2019,Ishan Kishan,Batsman,Indian,24,3,45.83,139.34,601,9,2,3,8.18,44.62,25.4,0.5,11.51,1,Chennai Super Kings,72.15,6.27
2019,Rinku Singh,Batsman,Indian,28,4,35.04,134.56,518,7,2,4,11.33,29.87,19.69,0.5,10.59,1,Royal Challengers Bangalore,64.74,6.11
2019,Jason Holder,Bowler,Australian,24,2,29.88,164.88,209,1,0,18,9.82,33.97,16.41,0.2,7.27,1,Gujarat Titans,29.63,4.08
2019,Kane Williamson,Batsman,Indian,24,2,26.28,133.29,529,7,1,2,8.1,28.32,25.75,0.5,8.76,1,Sunrisers Hyderabad,61.08,6.97
2019,Ruturaj Gaikwad,Batsman,Indian,26,4,38.92,165.34,519,8,1,7,9.24,41.07,22.7,1.0,21.05,1,Sunrisers Hyderabad,75.55,3.59
2019,Deepak Chahar,Bowler,New Zealand,25,2,15.85,80.0,166,1,0,17,8.81,45.0,10.0,1.0,15.17,1,Punjab Kings,30.73,2.03
2019,Sanju Samson,Batsman,Indian,22,1,34.6,129.97,480,6,2,0,9.24,41.69,24.59,1.0,13.26,1,Sunrisers Hyderabad,62.43,4.71
2019,Ben Stokes,All-Rounder,Indian,25,4,17.02,103.35,440,4,0,18,7.38,31.82,24.37,1.5,11.06,1,Gujarat Titans,51.76,4.68
2019,Cameron Green,All-Rounder,English,29,4,17.26,108.38,419,4,0,16,7.39,19.04,19.46,1.0,16.52,1,Punjab Kings,50.41,3.05
2019,Liam Livingstone,Batsman,Indian,32,2,34.63,138.5,420,7,2,5,8.75,28.59,17.9,0.5,12.46,1,Gujarat Titans,63.8,5.12
2019,Andre Russell,All-Rounder,Indian,25,2,12.46,128.2,477,5,0,8,9.87,33.71,24.33,2.0,11.65,1,Mumbai Indians,38.62,3.31
2019,Sam Curran,All-Rounder,Indian,27,4,22.63,157.57,280,3,0,14,9.75,31.1,26.36,1.0,12.64,1,Kolkata Knight Riders,54.47,4.31
2019,Trent Boult,Bowler,Indian,24,4,10.05,101.61,108,0,0,14,9.67,22.45,18.41,0.5,5.65,1,Delhi Capitals,23.07,4.08
2019,David Warner,Batsman,Indian,23,4,38.21,162.7,293,5,0,7,9.56,32.43,35.38,0.5,13.28,1,Royal Challengers Bangalore,69.95,5.27
2019,Yashasvi Jaiswal,Batsman,Indian,26,1,31.02,139.68,254,5,0,10,7.36,39.43,25.14,1.0,10.65,1,Lucknow Super Giants,59.39,5.58
2019,Aaron Finch,Batsman,Australian,26,1,24.38,139.39,420,8,2,0,9.4,39.51,21.42,0.2,10.85,1,Delhi Capitals,59.97,5.53
2019,Ravindra Jadeja,All-Rounder,Indian,26,3,16.46,132.43,359,3,0,12,8.47,29.03,20.7,0.5,13.63,1,Gujarat Titans,48.06,3.53
2019,Shardul Thakur,Bowler,English,27,1,5.88,80.0,82,0,0,16,9.64,21.22,15.35,0.5,9.9,1,Sunrisers Hyderabad,25.9,2.62
2019,Washington Sundar,Batsman,Indian,25,4,30.86,124.34,586,9,2,3,10.65,22.59,14.79,2.0,15.6,1,Sunrisers Hyderabad,61.37,3.93
2019,Ravindra Jadeja,Bowler,Indian,26,2,9.22,110.45,156,1,0,16,7.5,25.35,19.86,0.5,4.7,1,Punjab Kings,33.06,7.03
2019,Harbhajan Singh,Bowler,Indian,26,2,11.18,80.0,215,1,0,14,11.0,35.73,13.39,0.5,4.42,1,Rajasthan Royals,23.15,5.24
2019,Khaleel Ahmed,Bowler,Indian,26,4,7.8,108.57,149,1,0,25,8.22,14.54,18.41,1.5,10.96,1,Royal Challengers Bangalore,44.33,4.04
2019,Avesh Khan,Bowler,West Indian,25,2,8.1,93.35,103,0,0,13,6.8,14.0,18.21,0.2,11.83,1,Punjab Kings,30.13,2.55
2019,Marcus Stoinis,All-Rounder,South African,27,1,10.23,105.66,226,2,0,10,8.73,36.53,12.0,1.5,14.3,1,Delhi Capitals,38.23,2.67
2019,Harshal Patel,Bowler,Indian,26,1,22.51,119.98,170,1,0,19,6.86,19.57,18.81,1.0,8.4,1,Lucknow Super Giants,39.62,4.72
2019,Chris Morris,All-Rounder,Indian,28,4,33.43,118.51,327,3,0,10,10.47,35.61,22.22,1.0,10.26,1,Sunrisers Hyderabad,44.06,4.29
2019,Mohammed Shami,Bowler,Indian,27,4,16.12,91.79,223,1,0,18,9.33,30.66,21.33,0.2,6.58,1,Rajasthan Royals,31.24,4.75
2019,Pat Cummins,Bowler,South African,24,2,12.1,101.53,149,1,0,14,8.03,28.44,10.0,0.2,12.25,1,Rajasthan Royals,28.4,2.32
2019,Shubman Gill,Batsman,Indian,30,4,26.47,156.81,608,8,2,0,9.56,39.43,29.71,0.2,8.29,1,Punjab Kings,69.79,8.42
2019,Kyle Jamieson,Bowler,Indian,23,4,6.59,116.33,128,1,0,15,7.64,20.6,12.47,0.2,6.57,1,Lucknow Super Giants,30.86,4.7
2019,Sunil Narine,Bowler,Indian,26,1,5.0,101.58,150,1,0,10,8.19,20.06,10.0,0.5,4.37,1,Punjab Kings,21.93,5.02
2019,Kieron Pollard,All-Rounder,Indian,27,4,19.44,115.32,372,4,0,10,10.99,30.39,14.78,0.5,7.42,1,Kolkata Knight Riders,39.92,5.38
2019,R Ashwin,Bowler,Indian,23,2,14.42,105.85,63,0,0,19,6.62,28.66,12.99,0.5,7.77,1,Gujarat Titans,39.27,5.05
2019,Faf du Plessis,Batsman,Indian,25,1,28.49,144.39,275,3,1,3,10.2,55.81,25.48,0.2,4.32,1,Sunrisers Hyderabad,60.21,13.94
2019,Kagiso Rabada,Bowler,Australian,25,4,20.36,155.25,115,0,0,23,10.94,20.29,10.86,0.5,7.23,1,Kolkata Knight Riders,35.65,4.93
2019,Sam Curran,Bowler,Indian,27,2,14.27,115.81,19,0,0,13,8.87,38.58,16.22,0.5,3.91,1,Lucknow Super Giants,23.08,5.9
2019,Glenn Maxwell,Batsman,Indian,24,3,37.31,124.96,540,9,2,1,8.72,32.29,17.96,0.2,9.51,1,Delhi Capitals,63.21,6.65
2019,Lockie Ferguson,Bowler,South African,27,1,18.71,86.04,61,0,0,17,9.49,25.95,15.86,1.5,5.27,1,Sunrisers Hyderabad,27.64,5.24
2019,Suryakumar Yadav,Batsman,South African,29,4,32.63,132.53,561,10,2,4,10.53,46.07,23.65,1.0,23.46,1,Mumbai Indians,64.03,2.73
2019,Jason Holder,All-Rounder,Australian,25,3,35.36,167.02,217,2,0,11,9.06,22.42,23.14,1.0,20.21,1,Royal Challengers Bangalore,57.32,2.84
2019,Moeen Ali,All-Rounder,Indian,29,2,12.85,145.48,307,3,0,14,6.8,31.55,18.83,2.0,16.53,1,Lucknow Super Giants,55.51,3.36
2019,Jos Buttler,Batsman,Indian,26,4,30.1,138.83,401,5,1,6,7.0,42.09,19.44,0.5,11.6,1,Lucknow Super Giants,61.71,5.32
2019,Jasprit Bumrah,Bowler,Indian,24,1,18.82,107.8,40,0,0,14,8.35,29.55,15.23,1.0,8.94,1,Chennai Super Kings,26.35,2.95
2019,Shreyas Iyer,Batsman,Indian,26,3,29.36,134.19,394,7,1,2,9.45,37.75,30.41,2.0,11.83,1,Chennai Super Kings,59.88,5.06
2019,T Natarajan,Bowler,English,27,1,13.43,80.0,102,0,0,3,8.53,30.34,13.06,1.0,6.24,1,Chennai Super Kings,9.93,1.59
2019,Virat Kohli,Batsman,Indian,27,3,40.81,157.1,533,8,1,4,10.62,49.39,21.24,1.0,8.22,1,Sunrisers Hyderabad,74.11,9.02
2019,Hardik Pandya,Batsman,Indian,25,2,34.24,110.94,213,5,0,3,10.88,27.46,30.11,2.0,12.16,1,Lucknow Super Giants,51.24,4.21
2019,Piyush Chawla,Bowler,Indian,25,2,18.94,87.05,238,1,0,15,7.19,17.52,20.35,1.0,8.85,1,Punjab Kings,33.31,3.76
2019,Chris Woakes,Bowler,South African,27,1,21.06,131.48,137,1,0,13,10.27,25.33,14.94,2.0,9.23,1,Sunrisers Hyderabad,20.87,2.26
2019,Tilak Varma,Batsman,Indian,27,3,29.72,166.63,551,9,1,2,9.83,25.21,23.47,0.2,11.9,1,Sunrisers Hyderabad,72.9,6.13
2019,Dawid Malan,Batsman,Indian,26,3,24.18,137.97,453,6,1,6,8.28,57.18,18.17,0.5,5.47,1,Punjab Kings,60.12,10.99
2019,KL Rahul,Batsman,Indian,27,3,51.56,128.24,254,3,0,7,10.22,25.72,24.65,1.0,11.65,1,Gujarat Titans,64.18,5.51
2019,Krunal Pandya,All-Rounder,Indian,25,3,30.97,133.1,110,1,0,14,9.04,37.74,20.62,2.0,13.36,1,Chennai Super Kings,53.08,3.97
2019,Bhuvneshwar Kumar,Bowler,Indian,28,2,15.94,137.43,100,0,0,20,8.79,38.17,15.69,0.5,4.81,1,Punjab Kings,34.63,7.2
2019,Heinrich Klaasen,Batsman,South African,26,2,50.17,130.72,488,6,1,4,10.34,26.86,23.39,0.5,14.01,1,Lucknow Super Giants,69.04,4.93
2019,Venkatesh Iyer,Batsman,Indian,28,2,35.19,129.19,244,4,0,6,7.0,43.7,22.22,0.2,9.95,1,Mumbai Indians,57.71,5.8
2019,Rashid Khan,Bowler,Indian,20,2,13.59,132.76,102,0,0,8,8.59,31.25,21.57,0.5,3.61,1,Delhi Capitals,17.25,4.78
2019,Ajinkya Rahane,Batsman,Indian,24,1,12.53,110.82,376,7,1,3,8.89,34.81,26.6,1.0,7.58,1,Royal Challengers Bangalore,45.78,6.04
2019,Prithvi Shaw,Batsman,Indian,24,1,37.56,117.46,376,7,1,0,8.72,29.52,20.77,0.5,9.14,1,Lucknow Super Giants,57.78,6.32
2019,Vijay Shankar,All-Rounder,Australian,27,1,21.59,139.5,233,2,0,3,10.17,47.26,17.42,2.0,12.66,1,Rajasthan Royals,36.9,2.91
2019,Dinesh Karthik,Batsman,New Zealand,28,2,33.4,113.94,380,7,2,3,8.77,43.21,14.17,0.5,12.81,1,Lucknow Super Giants,55.14,4.3
2019,Axar Patel,Batsman,Indian,25,1,39.76,116.31,527,7,2,0,10.93,53.3,27.17,0.2,9.5,1,Sunrisers Hyderabad,61.34,6.46
2019,Ambati Rayudu,Batsman,West Indian,27,2,36.97,156.72,261,5,1,10,9.23,31.43,31.08,2.0,14.11,1,Kolkata Knight Riders,67.02,4.75
2019,Tristan Stubbs,Batsman,South African,28,3,50.46,134.78,551,8,1,7,11.33,26.23,34.27,1.5,11.47,1,Gujarat Titans,71.64,6.25
2019,Umesh Yadav,Bowler,Indian,26,1,16.84,132.25,228,1,0,11,9.57,35.82,17.66,1.0,4.2,1,Kolkata Knight Riders,20.07,4.78
2019,Dwayne Bravo,Bowler,Indian,30,1,23.21,89.29,10,0,0,11,9.57,14.0,12.28,0.5,4.62,1,Mumbai Indians,17.89,3.87
2019,Mohammed Siraj,Bowler,English,27,2,11.78,130.75,84,0,0,15,6.95,31.36,14.82,0.2,15.17,1,Sunrisers Hyderabad,32.49,2.14
2019,Devon Conway,Batsman,Australian,26,1,26.63,140.03,283,6,1,2,7.48,43.51,17.66,0.5,11.89,1,Royal Challengers Bangalore,58.32,4.91
2019,Mitchell Marsh,All-Rounder,Australian,27,1,21.92,154.24,277,3,0,9,7.15,30.01,15.84,1.0,16.02,1,Mumbai Indians,52.83,3.3
2020,Chris Woakes,Bowler,South African,27,3,24.61,151.97,163,1,0,13,9.1,29.69,15.98,0.5,8.95,1,Sunrisers Hyderabad,23.83,2.66
2020,Marcus Stoinis,All-Rounder,South African,29,3,33.36,151.65,284,3,0,14,11.27,33.28,22.4,2.0,24.24,1,Mumbai Indians,55.47,2.29
2020,Lockie Ferguson,Bowler,South African,27,2,17.09,94.73,96,0,0,15,7.73,15.82,19.8,0.2,9.66,1,Delhi Capitals,30.27,3.13
2020,Quinton de Kock,Batsman,Indian,30,4,21.2,130.53,514,9,1,3,11.01,27.99,28.56,2.0,15.23,1,Chennai Super Kings,57.92,3.8
2020,Jimmy Neesham,All-Rounder,Indian,27,3,28.18,115.31,271,3,0,13,9.35,29.87,18.3,2.0,17.4,1,Gujarat Titans,47.01,2.7
2020,R Ashwin,Bowler,Indian,23,3,15.93,117.43,178,1,0,15,8.42,19.45,28.0,1.5,7.06,1,Punjab Kings,29.02,4.11
2020,Umesh Yadav,Bowler,Indian,28,3,11.61,124.31,149,1,0,18,6.84,31.38,25.88,0.5,10.17,1,Sunrisers Hyderabad,37.97,3.73
2020,Rohit Sharma,Batsman,Indian,27,3,31.89,135.66,499,9,2,1,10.92,27.96,19.44,1.0,12.24,1,Kolkata Knight Riders,63.43,5.18
2020,Dawid Malan,Batsman,Indian,26,2,30.37,170.52,387,5,1,6,9.77,47.29,27.62,0.5,9.54,1,Sunrisers Hyderabad,71.04,7.45
2020,Mohammed Siraj,Bowler,English,28,5,10.41,80.0,177,1,0,23,7.68,19.25,18.26,0.5,12.37,1,Kolkata Knight Riders,43.23,3.49
2020,Sanju Samson,Batsman,Indian,23,3,33.51,107.86,425,8,1,1,8.49,33.71,20.36,0.5,5.67,1,Gujarat Titans,54.26,9.57
2020,Kyle Jamieson,Bowler,Indian,25,3,5.17,80.0,92,0,0,20,8.8,30.42,12.2,0.5,5.05,1,Delhi Capitals,34.52,6.84
2020,Tristan Stubbs,Batsman,South African,28,5,41.76,152.33,653,9,2,1,8.3,60.0,28.17,0.2,25.0,1,Punjab Kings,75.46,3.02
2020,Adam Zampa,Bowler,South African,30,3,16.93,118.7,70,0,0,17,6.0,25.07,22.72,1.0,10.12,1,Mumbai Indians,38.2,3.77
2020,Arshdeep Singh,Bowler,South African,26,5,19.58,97.07,197,1,0,14,8.09,19.07,20.48,1.0,16.36,1,Gujarat Titans,28.7,1.75
2020,David Warner,Batsman,Indian,25,2,30.3,165.08,428,7,1,3,8.28,43.23,25.35,1.5,12.65,1,Delhi Capitals,70.2,5.55
2020,Mitchell Marsh,All-Rounder,Australian,28,4,31.97,130.2,351,3,0,11,8.95,20.19,18.53,0.5,15.22,1,Gujarat Titans,49.33,3.24
2020,Amit Mishra,Bowler,Indian,28,3,20.52,108.37,129,1,0,22,7.33,22.13,12.77,0.5,8.36,1,Kolkata Knight Riders,42.3,5.06
2020,Harbhajan Singh,Bowler,Indian,27,4,16.4,124.78,82,0,0,14,10.25,22.99,16.27,0.5,5.1,1,Gujarat Titans,21.82,4.28
2020,Kagiso Rabada,Bowler,Australian,27,3,14.01,119.67,70,0,0,12,6.53,14.4,12.13,1.0,12.5,1,Royal Challengers Bangalore,29.11,2.33
2020,Ben Stokes,Bowler,Indian,26,5,22.53,110.58,89,0,0,30,7.25,26.03,22.26,0.2,12.59,1,Mumbai Indians,54.14,4.3
2020,Shreyas Iyer,Batsman,Indian,27,3,30.93,145.42,536,7,2,2,8.9,37.69,23.73,1.0,12.51,1,Sunrisers Hyderabad,66.72,5.33
2020,Ruturaj Gaikwad,Batsman,Indian,27,5,43.48,162.91,736,12,2,0,10.31,43.95,35.34,2.0,19.27,1,Gujarat Titans,80.98,4.2
2020,Tilak Varma,Batsman,Indian,28,3,41.9,144.84,353,6,1,2,8.33,24.75,31.1,1.0,20.23,1,Royal Challengers Bangalore,67.27,3.33
2020,Kane Williamson,Batsman,Indian,26,3,29.08,135.28,302,5,0,4,8.7,32.36,17.63,0.5,10.72,1,Rajasthan Royals,58.26,5.43
2020,Sunil Narine,Bowler,Indian,26,2,26.25,150.62,61,0,0,20,6.12,21.32,13.29,0.5,14.16,1,Royal Challengers Bangalore,42.25,2.98
2020,Suryakumar Yadav,Batsman,South African,30,4,26.09,159.45,624,8,1,3,9.14,20.0,28.46,2.0,14.13,1,Royal Challengers Bangalore,70.75,5.01
2020,Axar Patel,Batsman,Indian,27,3,37.83,112.85,417,5,2,4,7.0,39.83,14.0,1.0,9.83,1,Lucknow Super Giants,57.33,5.83
2020,Ishan Kishan,Batsman,Indian,26,3,41.55,128.0,489,7,2,4,10.14,38.8,20.66,0.5,11.75,1,Royal Challengers Bangalore,64.8,5.51
2020,Yuzvendra Chahal,Bowler,Indian,29,3,14.82,112.75,65,0,0,10,8.7,20.2,24.63,1.5,7.03,1,Rajasthan Royals,19.55,2.78
2020,Shivam Dube,All-Rounder,Indian,28,5,32.75,101.34,310,3,0,9,9.29,36.61,17.02,2.0,8.72,1,Sunrisers Hyderabad,40.68,4.66
2020,Washington Sundar,Batsman,Indian,26,5,43.0,118.26,644,9,1,1,8.99,37.56,21.41,0.5,10.84,1,Royal Challengers Bangalore,65.56,6.05
2020,Sam Curran,All-Rounder,Indian,27,4,31.82,131.73,246,2,0,19,8.86,33.38,16.96,1.0,20.43,1,Punjab Kings,59.38,2.91
2020,Rashid Khan,Bowler,Indian,22,3,21.2,137.26,141,1,0,22,7.2,27.5,16.39,0.2,6.08,1,Chennai Super Kings,42.81,7.04
2020,Andre Russell,All-Rounder,Indian,27,2,9.59,135.12,128,1,0,10,8.12,31.55,19.37,1.5,10.94,1,Mumbai Indians,45.18,4.13
2020,KL Rahul,Batsman,Indian,29,5,45.15,144.49,446,6,2,2,8.65,26.68,14.82,1.0,7.64,1,Sunrisers Hyderabad,70.33,9.21
2020,Ambati Rayudu,Batsman,West Indian,29,3,28.09,149.4,472,7,2,0,9.46,38.78,21.35,0.5,20.89,1,Delhi Capitals,65.5,3.14
2020,Shubman Gill,Batsman,Indian,30,2,31.37,127.58,372,5,1,5,9.41,29.48,34.11,0.5,16.35,1,Rajasthan Royals,58.26,3.56
2020,Dwayne Bravo,All-Rounder,Indian,30,5,21.98,136.26,363,4,0,17,6.5,28.99,26.0,1.5,20.41,1,Kolkata Knight Riders,60.15,2.95
2020,Manish Pandey,Batsman,Indian,25,2,25.52,155.22,492,7,1,2,10.81,34.7,29.56,0.2,17.9,1,Mumbai Indians,66.61,3.72
2020,Wriddhiman Saha,Batsman,New Zealand,28,3,24.36,138.66,513,8,1,3,10.14,42.84,21.51,0.2,17.13,1,Gujarat Titans,61.6,3.6
2020,Prasidh Krishna,Bowler,Indian,27,4,20.77,109.79,184,1,0,21,7.06,25.91,13.03,1.5,10.55,1,Chennai Super Kings,42.16,4.0
2020,Chris Morris,All-Rounder,Indian,30,2,30.37,98.71,231,2,0,5,9.66,21.08,12.0,1.0,10.47,1,Delhi Capitals,34.01,3.25
2020,Aaron Finch,Batsman,Australian,27,2,29.68,131.49,381,7,1,7,7.23,26.01,24.04,0.5,11.88,1,Chennai Super Kings,58.94,4.96
2020,Cameron Green,All-Rounder,English,30,4,22.74,131.24,336,3,0,13,9.53,26.78,15.44,1.5,15.19,1,Mumbai Indians,48.47,3.19
2020,Hardik Pandya,Batsman,Indian,27,5,25.89,118.83,378,6,2,1,9.3,31.27,15.35,1.0,9.98,1,Delhi Capitals,53.57,5.37
2020,Sam Curran,Bowler,Indian,27,2,10.94,90.92,84,0,0,23,6.9,36.7,13.64,0.2,12.94,1,Chennai Super Kings,44.64,3.45
2020,Jos Buttler,Batsman,Indian,28,5,43.67,117.06,576,9,1,6,10.45,20.0,24.72,0.2,12.53,1,Kolkata Knight Riders,64.11,5.12
2020,Kieron Pollard,All-Rounder,Indian,28,4,25.08,127.15,326,3,0,1,9.13,31.38,26.69,2.0,14.39,1,Punjab Kings,34.64,2.41
2020,Moeen Ali,All-Rounder,Indian,29,3,24.09,137.6,268,2,0,3,8.24,33.56,18.51,1.0,12.44,1,Lucknow Super Giants,40.66,3.27
2020,Rishabh Pant,Batsman,Indian,27,2,30.43,125.92,192,4,0,1,7.05,31.69,32.03,0.5,7.96,1,Gujarat Titans,53.79,6.76
2020,Yashasvi Jaiswal,Batsman,Indian,27,2,41.87,173.52,437,6,1,0,9.4,49.96,29.84,0.2,13.45,1,Chennai Super Kings,77.54,5.77
2020,Venkatesh Iyer,Batsman,Indian,29,2,24.12,120.54,443,6,2,1,9.19,23.27,14.0,0.5,9.3,1,Gujarat Titans,54.67,5.88
2020,T Natarajan,Bowler,English,28,2,25.94,109.77,32,0,0,12,9.57,20.45,19.36,1.0,8.02,1,Delhi Capitals,19.61,2.45
2020,Ravindra Jadeja,Bowler,Indian,28,5,15.27,127.28,261,2,0,19,8.59,14.0,10.0,0.2,11.92,1,Rajasthan Royals,35.34,2.96
2020,Prithvi Shaw,Batsman,Indian,25,4,31.39,135.34,472,7,1,1,8.24,38.86,25.87,0.2,12.39,1,Sunrisers Hyderabad,62.6,5.05
2020,Nitish Rana,All-Rounder,Indian,25,2,34.05,121.05,415,4,0,9,6.5,34.24,17.05,1.0,19.79,1,Kolkata Knight Riders,50.52,2.55
2020,Jason Holder,Bowler,Australian,25,3,13.22,107.59,133,1,0,11,9.37,31.82,15.56,0.5,8.83,1,Chennai Super Kings,19.72,2.23
2021,Piyush Chawla,Bowler,Indian,28,3,10.46,109.77,10,0,0,13,7.74,27.28,14.0,1.5,6.91,1,Chennai Super Kings,26.38,3.82
2021,Shivam Dube,All-Rounder,Indian,29,3,20.19,112.76,264,2,0,9,9.34,23.78,20.43,1.5,20.81,1,Sunrisers Hyderabad,39.72,1.91
2021,Yuzvendra Chahal,Bowler,Indian,30,6,21.96,136.41,113,0,0,25,7.65,25.11,23.04,0.2,15.95,1,Chennai Super Kings,45.68,2.86
2021,Prithvi Shaw,Batsman,Indian,27,4,29.34,160.82,557,8,2,2,7.22,34.11,27.24,0.2,11.87,1,Gujarat Titans,71.12,5.99
2021,Arshdeep Singh,Bowler,South African,27,5,12.46,84.96,91,0,0,25,6.63,14.41,14.48,0.2,22.79,1,Chennai Super Kings,48.52,2.13
2021,Jasprit Bumrah,Bowler,Indian,26,5,12.14,80.0,163,1,0,20,7.53,20.04,14.2,0.2,13.95,1,Delhi Capitals,39.04,2.8
2021,Rishabh Pant,Batsman,Indian,29,4,39.5,127.4,454,6,2,0,9.74,25.77,14.0,0.5,20.82,1,Punjab Kings,63.1,3.03
2021,Aaron Finch,Batsman,Australian,29,4,30.4,106.19,613,10,1,0,12.42,45.25,20.08,0.2,14.72,1,Sunrisers Hyderabad,56.28,3.82
2021,Umesh Yadav,Bowler,Indian,29,3,12.3,118.37,246,2,0,8,7.71,14.0,14.99,1.0,5.95,1,Chennai Super Kings,21.33,3.58
2021,Jos Buttler,Batsman,Indian,29,6,28.72,143.12,714,10,2,4,8.61,55.98,20.85,1.0,14.2,1,Lucknow Super Giants,68.7,4.84
2021,Axar Patel,Batsman,Indian,28,5,16.83,137.86,493,8,1,0,7.0,55.42,25.77,1.5,10.05,1,Punjab Kings,57.95,5.77
2021,Moeen Ali,All-Rounder,Indian,31,3,14.35,149.42,166,1,0,13,9.99,27.11,18.48,2.0,12.36,1,Kolkata Knight Riders,49.09,3.97
2021,KL Rahul,Batsman,Indian,30,3,27.01,144.09,361,5,2,5,8.15,25.36,30.48,1.5,16.07,1,Rajasthan Royals,61.25,3.81
2021,Ishan Kishan,Batsman,Indian,27,3,38.02,144.46,825,13,2,6,9.31,43.47,23.31,1.5,12.9,1,Punjab Kings,75.05,5.82
2021,Lockie Ferguson,Bowler,South African,29,3,16.61,120.37,218,1,0,17,9.01,23.04,19.56,2.0,12.02,1,Chennai Super Kings,30.65,2.55
2021,Yashasvi Jaiswal,Batsman,Indian,28,4,41.0,160.78,391,5,2,5,8.43,37.98,23.97,1.5,17.37,1,Punjab Kings,72.45,4.17
2021,Glenn Maxwell,Batsman,Indian,27,4,28.27,110.77,547,8,1,0,10.58,21.5,36.0,1.0,12.57,1,Delhi Capitals,55.48,4.41
2021,Hardik Pandya,Batsman,Indian,28,5,30.67,134.08,542,7,1,4,10.26,42.91,28.03,1.0,14.54,1,Sunrisers Hyderabad,63.33,4.36
2021,Ruturaj Gaikwad,Batsman,Indian,29,6,35.06,123.51,452,7,1,4,9.98,47.84,31.77,1.0,16.21,1,Chennai Super Kings,60.12,3.71
2021,Ravindra Jadeja,All-Rounder,Indian,29,6,23.77,169.22,360,4,0,14,8.74,25.63,23.15,1.5,17.57,1,Chennai Super Kings,59.11,3.36
2021,Kieron Pollard,All-Rounder,Indian,30,3,30.05,127.77,248,2,0,9,8.81,39.36,13.82,0.5,18.24,1,Chennai Super Kings,46.25,2.54
2021,Venkatesh Iyer,Batsman,Indian,30,4,31.8,160.97,310,4,1,2,10.23,22.34,25.48,1.0,9.69,1,Royal Challengers Bangalore,67.21,6.94
2021,Marcus Stoinis,All-Rounder,South African,29,6,17.5,116.19,312,3,0,12,10.57,25.52,14.28,0.5,22.62,1,Gujarat Titans,42.01,1.86
2021,Dawid Malan,Batsman,Indian,28,4,26.97,129.1,471,7,1,0,9.11,22.61,17.11,0.5,11.75,1,Chennai Super Kings,58.94,5.02
2021,Virat Kohli,Batsman,Indian,29,3,40.72,159.6,339,5,0,5,10.26,31.09,22.72,0.5,19.68,1,Rajasthan Royals,70.95,3.61
2021,Vijay Shankar,All-Rounder,Australian,30,3,31.48,112.53,308,3,0,10,7.65,33.96,19.36,2.0,22.11,1,Mumbai Indians,47.08,2.13
2021,Harshal Patel,Bowler,Indian,29,4,6.99,91.02,178,1,0,25,7.73,14.0,16.33,0.2,13.11,1,Gujarat Titans,46.09,3.52
2021,Sanju Samson,Batsman,Indian,25,4,38.33,127.73,612,8,2,0,11.68,35.14,20.42,0.2,11.9,1,Rajasthan Royals,65.89,5.54
2021,Hardik Pandya,All-Rounder,Indian,27,6,21.13,123.19,223,2,0,6,11.22,28.91,22.02,1.5,11.66,1,Gujarat Titans,37.12,3.18
2021,Heinrich Klaasen,Batsman,South African,28,5,41.82,137.79,763,12,2,1,11.55,21.21,22.82,0.5,16.74,1,Royal Challengers Bangalore,73.32,4.38
2021,Ben Stokes,All-Rounder,Indian,28,3,30.75,135.25,181,2,0,4,7.53,33.85,18.49,1.5,16.78,1,Kolkata Knight Riders,44.48,2.65
2021,Deepak Chahar,Bowler,New Zealand,27,6,19.12,96.54,164,1,0,13,9.93,20.93,17.22,0.5,9.92,1,Rajasthan Royals,21.35,2.15
2021,Dwayne Bravo,All-Rounder,Indian,32,4,29.83,144.93,204,2,0,10,7.76,16.0,20.65,1.5,15.11,1,Chennai Super Kings,52.92,3.5
2021,Jimmy Neesham,All-Rounder,Indian,28,4,19.82,166.96,175,1,0,11,6.9,37.2,19.96,1.0,19.99,1,Gujarat Titans,57.75,2.89
2021,Ravindra Jadeja,Bowler,Indian,28,5,19.77,147.27,191,1,0,19,6.91,14.0,17.73,1.5,15.32,1,Punjab Kings,39.68,2.59
2021,Rohit Sharma,Batsman,Indian,28,6,33.97,123.56,767,12,2,2,9.01,23.42,25.19,0.5,14.93,1,Gujarat Titans,66.0,4.42
2021,Kyle Jamieson,Bowler,Indian,25,4,22.97,83.51,106,0,0,28,8.76,23.88,17.09,0.2,9.84,1,Mumbai Indians,46.78,4.75
2021,Chris Woakes,Bowler,South African,29,5,23.83,99.61,87,0,0,25,7.24,18.3,11.23,0.2,16.13,1,Delhi Capitals,46.65,2.89
2021,Manish Pandey,Batsman,Indian,26,4,23.56,157.18,477,6,1,6,11.41,42.91,28.73,1.0,13.7,1,Rajasthan Royals,66.12,4.83
2021,Cameron Green,All-Rounder,English,30,4,28.04,125.43,460,5,0,10,10.04,27.73,16.96,2.0,24.7,1,Mumbai Indians,44.1,1.79
2021,Ambati Rayudu,Batsman,West Indian,29,5,15.74,176.02,455,7,1,2,11.89,35.19,16.87,1.0,17.12,1,Gujarat Titans,68.2,3.98
2021,Shardul Thakur,Bowler,English,28,3,17.95,86.19,143,1,0,14,8.77,32.8,18.16,1.5,9.04,1,Chennai Super Kings,26.12,2.89
2021,Avesh Khan,Bowler,West Indian,27,5,11.68,123.41,269,2,0,30,8.0,19.04,19.34,0.2,17.65,1,Mumbai Indians,53.69,3.04
2021,Shahbaz Ahmed,All-Rounder,Indian,30,6,27.06,130.2,398,4,0,16,8.44,24.58,25.54,2.0,17.26,1,Lucknow Super Giants,55.12,3.19
2021,Shubman Gill,Batsman,Indian,32,5,24.04,142.49,408,6,1,2,8.89,37.65,32.16,2.0,13.36,1,Punjab Kings,60.52,4.53
2021,Mohammed Siraj,Bowler,English,29,3,17.71,80.0,210,1,0,19,9.5,20.62,15.23,0.5,11.07,1,Sunrisers Hyderabad,32.1,2.9
2021,Liam Livingstone,All-Rounder,Indian,34,4,43.29,121.89,393,4,0,9,6.5,26.81,18.67,2.0,16.59,1,Royal Challengers Bangalore,53.0,3.19
2021,Tristan Stubbs,Batsman,South African,30,4,30.39,115.39,589,10,2,0,8.81,32.68,30.21,0.5,11.4,1,Delhi Capitals,58.55,5.14
2021,T Natarajan,Bowler,English,30,4,13.42,80.0,95,0,0,23,9.91,21.48,20.03,0.2,8.16,1,Gujarat Titans,35.72,4.38
2021,Shreyas Iyer,Batsman,Indian,28,6,42.6,135.2,473,8,2,4,7.54,32.01,18.13,0.5,12.04,1,Mumbai Indians,67.06,5.57
2021,Washington Sundar,Batsman,Indian,27,5,32.9,139.86,732,12,3,5,12.12,44.21,25.71,0.2,12.44,1,Gujarat Titans,69.76,5.61
2021,Wriddhiman Saha,Batsman,New Zealand,29,6,30.41,122.13,612,9,1,4,7.0,29.71,20.63,0.5,19.54,1,Chennai Super Kings,61.04,3.12
2021,Rinku Singh,Batsman,Indian,29,4,24.22,147.26,515,9,1,8,10.47,27.14,28.9,0.2,11.68,1,Sunrisers Hyderabad,64.17,5.49
2021,Andre Russell,All-Rounder,Indian,27,3,23.47,94.31,314,3,0,10,8.99,24.35,32.0,1.5,20.1,1,Sunrisers Hyderabad,38.75,1.93
2021,Mohammed Shami,Bowler,Indian,28,3,22.31,94.78,102,0,0,30,7.9,18.71,14.14,0.5,12.84,1,Punjab Kings,52.32,4.07
2021,Kane Williamson,Batsman,Indian,27,4,41.65,148.97,530,8,2,4,10.45,30.26,19.37,2.0,23.83,1,Kolkata Knight Riders,71.95,3.02
2021,Harbhajan Singh,Bowler,Indian,27,6,5.0,111.14,199,1,0,29,8.6,28.05,15.8,0.5,12.66,1,Rajasthan Royals,49.69,3.92
2021,Liam Livingstone,Batsman,Indian,34,3,35.05,129.99,361,6,1,4,9.9,26.76,20.89,0.5,14.56,1,Chennai Super Kings,60.24,4.14
2021,Kuldeep Yadav,Bowler,Indian,28,4,5.0,115.53,79,0,0,10,10.13,17.65,14.33,1.0,5.42,1,Gujarat Titans,15.79,2.91
2021,Sam Curran,Bowler,Indian,28,3,8.17,123.02,169,1,0,22,8.11,18.85,14.99,0.2,8.26,1,Lucknow Super Giants,40.36,4.89
2021,Dinesh Karthik,Batsman,New Zealand,29,4,31.42,156.47,344,5,0,3,8.92,43.81,31.19,0.5,24.38,1,Mumbai Indians,66.39,2.72
2021,Ajinkya Rahane,Batsman,Indian,26,5,21.93,152.17,672,11,2,1,9.56,49.1,23.03,0.5,10.71,1,Punjab Kings,67.86,6.34
2021,Rashid Khan,Bowler,Indian,22,6,17.88,113.47,91,0,0,23,8.83,23.23,20.2,1.5,11.49,1,Mumbai Indians,38.92,3.39
2021,Jason Holder,Bowler,Australian,26,5,9.48,146.88,152,1,0,21,8.48,16.76,15.68,0.5,15.22,1,Delhi Capitals,37.58,2.47
2021,Sunil Narine,Bowler,Indian,28,5,9.43,145.33,141,1,0,18,10.51,20.06,21.55,1.5,7.51,1,Delhi Capitals,28.41,3.78
2021,Khaleel Ahmed,Bowler,Indian,27,4,16.88,154.21,42,0,0,20,7.35,27.13,16.31,0.5,8.25,1,Rajasthan Royals,38.37,4.65
2021,Prasidh Krishna,Bowler,Indian,28,6,21.75,146.42,189,1,0,26,7.91,30.18,12.72,2.0,19.58,1,Mumbai Indians,47.16,2.41
2021,Imran Tahir,Bowler,Indian,28,3,15.46,103.74,10,0,0,28,8.39,26.39,16.77,0.2,10.2,1,Punjab Kings,46.93,4.6
2021,Quinton de Kock,Batsman,Indian,30,5,38.31,126.53,557,7,2,9,9.81,42.39,26.57,1.0,10.38,1,Royal Challengers Bangalore,64.42,6.21
2022,Amit Mishra,Bowler,Indian,29,5,19.39,126.85,192,1,0,30,10.82,19.88,23.5,0.5,15.03,1,Royal Challengers Bangalore,46.92,3.12
2022,Venkatesh Iyer,Batsman,Indian,32,4,42.46,153.4,394,6,2,4,9.22,46.62,23.31,0.5,18.32,1,Chennai Super Kings,70.88,3.87
2022,Chris Woakes,Bowler,South African,30,4,13.05,131.29,147,1,0,10,9.33,21.66,11.92,0.5,8.29,1,Sunrisers Hyderabad,18.48,2.23
2022,Ravindra Jadeja,All-Rounder,Indian,29,5,29.78,141.06,400,4,0,11,8.29,21.9,15.55,1.5,21.42,1,Delhi Capitals,52.28,2.44
2022,Krunal Pandya,All-Rounder,Indian,28,7,28.27,96.89,415,4,0,15,8.85,35.26,21.67,1.5,25.0,1,Rajasthan Royals,46.75,1.87
2022,Yuzvendra Chahal,Bowler,Indian,30,7,17.3,130.16,110,0,0,30,6.88,27.43,12.57,0.5,25.0,1,Delhi Capitals,55.46,2.22
2022,Sanju Samson,Batsman,Indian,26,4,37.02,133.01,564,10,1,0,9.33,31.54,29.33,2.0,11.75,1,Sunrisers Hyderabad,65.99,5.62
2022,Arshdeep Singh,Bowler,South African,28,7,19.75,125.01,91,0,0,22,7.88,15.15,17.9,1.0,25.0,1,Mumbai Indians,40.27,1.61
2022,Suryakumar Yadav,Batsman,South African,31,5,32.6,119.55,579,9,1,0,9.44,20.96,23.19,0.5,20.45,1,Delhi Capitals,60.48,2.96
2022,T Natarajan,Bowler,English,31,7,16.02,107.09,134,1,0,19,9.35,23.17,12.66,0.5,14.74,1,Chennai Super Kings,31.79,2.16
2022,KL Rahul,Batsman,Indian,30,4,31.6,123.07,580,8,1,5,10.15,43.44,26.36,0.5,14.38,1,Sunrisers Hyderabad,61.16,4.25
2022,Umesh Yadav,Bowler,Indian,29,7,10.25,129.83,271,2,0,27,7.6,37.58,17.35,1.5,18.32,1,Sunrisers Hyderabad,50.41,2.75
2022,Nitish Rana,All-Rounder,Indian,27,6,21.03,149.16,389,4,0,18,9.84,19.76,19.49,1.5,25.0,1,Rajasthan Royals,57.01,2.28
2022,Kagiso Rabada,Bowler,Australian,28,4,5.0,130.33,164,1,0,20,9.47,31.28,20.2,1.0,11.41,1,Lucknow Super Giants,33.23,2.91
2022,Ben Stokes,All-Rounder,Indian,28,6,23.36,128.32,449,4,0,17,8.15,26.95,16.17,0.5,15.61,1,Mumbai Indians,55.6,3.56
2022,Harshal Patel,Bowler,Indian,29,4,17.95,104.49,159,1,0,15,9.67,19.28,10.0,0.2,13.34,1,Chennai Super Kings,25.08,1.88
2022,Marcus Stoinis,All-Rounder,South African,31,5,27.22,132.53,266,2,0,7,10.09,29.25,21.27,1.0,18.28,1,Chennai Super Kings,41.71,2.28
2022,Shardul Thakur,Bowler,English,30,7,15.9,131.96,312,2,0,30,9.59,20.96,12.9,0.2,20.48,1,Kolkata Knight Riders,49.35,2.41
2022,Bhuvneshwar Kumar,Bowler,Indian,31,4,11.2,127.89,151,1,0,16,8.4,21.49,25.27,0.5,10.95,1,Sunrisers Hyderabad,30.31,2.77
2022,Kane Williamson,Batsman,Indian,28,6,27.4,144.03,541,8,1,0,8.86,39.16,27.6,0.5,18.23,1,Rajasthan Royals,64.99,3.56
2022,Sam Curran,All-Rounder,Indian,29,5,25.43,154.26,337,3,0,9,6.93,32.54,28.47,1.0,16.46,1,Delhi Capitals,54.15,3.29
2022,Kieron Pollard,All-Rounder,Indian,31,4,21.9,138.21,407,4,0,11,9.2,32.63,18.0,0.5,20.37,1,Punjab Kings,47.92,2.35
2022,Anrich Nortje,Bowler,Indian,32,5,7.87,116.58,157,1,0,20,6.0,29.09,15.23,1.0,19.18,1,Gujarat Titans,43.57,2.27
2022,Ajinkya Rahane,Batsman,Indian,27,7,41.53,123.27,761,10,2,1,10.04,44.68,26.17,0.5,10.76,1,Rajasthan Royals,68.81,6.4
2022,Andre Russell,All-Rounder,Indian,28,7,43.89,160.67,234,2,0,11,7.45,32.52,22.86,1.0,25.0,1,Rajasthan Royals,61.41,2.46
2022,Kuldeep Yadav,Bowler,Indian,30,7,24.71,124.15,96,0,0,30,7.47,29.46,23.29,0.5,19.54,1,Lucknow Super Giants,53.55,2.74
2022,Shahbaz Ahmed,All-Rounder,Indian,31,4,26.59,136.69,230,2,0,8,7.91,19.85,12.0,1.0,17.64,1,Delhi Capitals,47.77,2.71
2022,Axar Patel,Batsman,Indian,28,5,25.43,134.94,369,5,2,1,9.09,47.34,19.17,0.5,13.7,1,Gujarat Titans,58.03,4.24
2022,Jason Holder,All-Rounder,Australian,27,6,23.42,150.99,256,2,0,12,10.42,34.89,14.39,1.5,24.17,1,Rajasthan Royals,50.45,2.09
2022,Ishan Kishan,Batsman,Indian,27,7,31.43,158.37,436,7,2,0,8.69,32.45,25.54,2.0,23.8,1,Gujarat Titans,68.8,2.89
2022,Aaron Finch,Batsman,Australian,29,6,44.94,166.08,856,12,2,7,8.15,25.0,32.38,0.2,23.92,1,Rajasthan Royals,84.92,3.55
2022,Jason Holder,Bowler,Australian,27,5,21.0,95.24,165,1,0,21,8.01,21.08,19.48,0.5,6.89,1,Punjab Kings,39.12,5.68
2022,Hardik Pandya,All-Rounder,Indian,29,6,25.36,149.85,196,2,0,10,7.36,34.07,18.15,0.5,18.75,1,Gujarat Titans,53.59,2.86
2022,Tristan Stubbs,Batsman,South African,31,5,32.31,163.08,556,8,1,0,11.38,38.96,28.52,0.2,24.75,1,Lucknow Super Giants,72.97,2.95
2022,Ben Stokes,Bowler,Indian,29,4,18.96,91.39,181,1,0,19,8.23,18.69,15.4,1.0,8.99,1,Rajasthan Royals,35.62,3.96
2022,Dwayne Bravo,All-Rounder,Indian,33,6,36.02,160.19,466,5,0,17,6.5,29.24,17.52,1.5,25.0,1,Lucknow Super Giants,68.44,2.74
2022,Liam Livingstone,Batsman,Indian,35,7,32.82,140.69,460,8,2,5,7.58,28.94,25.22,0.2,13.04,1,Punjab Kings,64.54,4.95
2022,Sunil Narine,Bowler,Indian,28,5,7.87,106.26,182,1,0,22,7.18,24.04,10.87,1.5,19.75,1,Mumbai Indians,43.28,2.19
2022,Dwayne Bravo,Bowler,Indian,33,5,14.64,85.6,219,1,0,22,10.75,22.63,10.0,1.0,14.99,1,Delhi Capitals,35.19,2.35
2022,Piyush Chawla,Bowler,Indian,28,6,6.26,105.72,81,0,0,27,8.7,26.16,10.0,2.0,14.09,1,Kolkata Knight Riders,45.21,3.21
2022,Imran Tahir,Bowler,Indian,29,5,7.59,148.51,196,1,0,27,7.08,24.43,18.2,0.2,16.31,1,Sunrisers Hyderabad,51.22,3.14
2022,David Warner,Batsman,Indian,27,6,28.47,140.0,794,11,3,0,7.38,45.86,23.07,0.2,11.31,1,Kolkata Knight Riders,69.27,6.12
2022,Shreyas Iyer,Batsman,Indian,29,6,32.74,127.19,754,10,3,1,10.93,58.49,27.9,0.2,12.89,1,Royal Challengers Bangalore,66.33,5.15
2022,Rinku Singh,Batsman,Indian,30,7,11.05,114.77,704,10,2,0,9.62,35.37,14.0,2.0,15.45,1,Delhi Capitals,52.93,3.43
2022,Moeen Ali,All-Rounder,Indian,31,7,36.18,113.78,301,3,0,14,8.98,22.7,24.9,1.0,23.4,1,Lucknow Super Giants,50.64,2.16
2022,Kyle Jamieson,Bowler,Indian,27,5,11.64,139.63,98,0,0,24,7.95,29.27,24.27,1.0,12.88,1,Gujarat Titans,43.13,3.35
2022,Rashid Khan,Bowler,Indian,23,6,17.65,105.81,118,0,0,30,8.94,14.0,14.33,1.0,13.03,1,Gujarat Titans,49.36,3.79
2022,Manish Pandey,Batsman,Indian,26,6,37.18,108.7,429,7,2,9,8.88,41.44,24.99,0.2,25.0,1,Royal Challengers Bangalore,56.06,2.24
2022,Trent Boult,Bowler,Indian,26,6,23.71,98.73,223,1,0,23,9.12,24.29,10.0,0.2,5.73,1,Gujarat Titans,39.37,6.87
2022,Chris Morris,All-Rounder,Indian,32,6,9.16,152.68,336,3,0,13,8.15,16.01,16.09,1.0,25.0,1,Sunrisers Hyderabad,52.13,2.09
2022,Mitchell Marsh,All-Rounder,Australian,31,7,21.59,120.51,297,3,0,7,7.93,29.35,13.26,1.5,24.62,1,Punjab Kings,42.04,1.71
2022,Prasidh Krishna,Bowler,Indian,29,5,13.95,115.56,115,0,0,14,6.0,21.81,17.34,0.5,11.03,1,Kolkata Knight Riders,34.15,3.1
2022,Pat Cummins,Bowler,South African,26,4,20.14,118.33,145,1,0,14,7.92,29.82,13.89,0.5,12.89,1,Kolkata Knight Riders,28.69,2.23
2022,Jimmy Neesham,All-Rounder,Indian,28,6,26.23,131.91,500,5,0,22,9.67,36.25,32.0,0.5,16.65,1,Delhi Capitals,60.0,3.6
2022,Liam Livingstone,All-Rounder,Indian,34,4,18.52,142.14,528,5,0,7,8.36,29.62,23.93,1.5,12.61,1,Kolkata Knight Riders,44.74,3.55
2022,Vijay Shankar,All-Rounder,Australian,31,5,31.01,110.06,55,0,0,12,10.83,37.78,21.89,1.0,20.14,1,Gujarat Titans,44.16,2.19
2022,Rishabh Pant,Batsman,Indian,29,4,29.8,153.72,463,7,1,3,9.51,20.21,21.07,1.0,10.06,1,Sunrisers Hyderabad,67.3,6.69
2022,Khaleel Ahmed,Bowler,Indian,29,5,5.0,80.0,132,1,0,20,8.6,22.82,18.2,1.0,10.9,1,Punjab Kings,35.52,3.26
2022,Ambati Rayudu,Batsman,West Indian,30,4,23.33,140.21,492,8,1,4,7.99,35.48,20.61,0.5,11.39,1,Royal Challengers Bangalore,61.24,5.38
2022,R Ashwin,Bowler,Indian,26,6,13.37,119.24,161,1,0,22,8.13,26.56,18.99,0.5,13.6,1,Gujarat Titans,40.22,2.96
2022,Tilak Varma,Batsman,Indian,30,6,30.7,137.54,519,7,1,2,8.99,20.0,29.84,1.0,16.21,1,Delhi Capitals,63.92,3.94
2022,Mohammed Siraj,Bowler,English,31,7,24.7,133.17,335,2,0,18,7.59,18.34,21.92,1.5,17.72,1,Sunrisers Hyderabad,37.58,2.12
2022,Jasprit Bumrah,Bowler,Indian,27,5,11.24,116.61,52,0,0,20,8.88,17.8,15.72,0.5,6.26,1,Lucknow Super Giants,33.88,5.41
2022,Harbhajan Singh,Bowler,Indian,29,7,10.15,156.57,145,1,0,26,9.76,24.66,17.3,0.5,16.08,1,Lucknow Super Giants,41.17,2.56
2022,Cameron Green,All-Rounder,English,32,5,30.09,108.21,96,1,0,10,8.55,19.86,16.22,0.5,25.0,1,Chennai Super Kings,44.06,1.76
2022,Avesh Khan,Bowler,West Indian,28,6,15.64,107.99,197,1,0,23,8.45,14.26,24.55,0.2,17.0,1,Delhi Capitals,41.12,2.42
2022,Sam Curran,Bowler,Indian,30,4,7.91,130.94,149,1,0,15,6.6,25.38,22.16,0.5,11.53,1,Lucknow Super Giants,34.19,2.97
2023,T Natarajan,Bowler,English,31,7,13.02,80.0,281,2,0,24,7.99,26.66,16.98,0.5,18.26,1,Gujarat Titans,44.84,2.46
2023,Jos Buttler,Batsman,Indian,31,5,24.31,147.55,668,11,2,6,10.78,22.26,16.58,1.0,13.24,1,Royal Challengers Bangalore,67.35,5.09
2023,Washington Sundar,Batsman,Indian,29,8,21.67,143.91,705,12,3,5,8.08,37.6,24.32,0.5,12.75,1,Lucknow Super Giants,65.94,5.17
2023,Khaleel Ahmed,Bowler,Indian,29,6,15.12,159.0,193,1,0,26,10.43,31.47,19.26,0.2,12.42,1,Chennai Super Kings,40.93,3.3
2023,Rashid Khan,Bowler,Indian,24,8,14.35,115.76,189,1,0,30,7.92,23.28,12.59,0.2,22.59,1,Punjab Kings,53.13,2.35
2023,Shubman Gill,Batsman,Indian,33,5,35.77,95.0,598,10,2,10,8.7,32.91,23.18,0.5,9.97,1,Mumbai Indians,54.77,5.49
2023,Shardul Thakur,Bowler,English,30,5,32.56,93.12,94,0,0,19,8.49,21.18,19.45,0.5,12.75,1,Rajasthan Royals,33.97,2.66
2023,Ishan Kishan,Batsman,Indian,28,6,42.39,184.76,630,9,1,4,9.08,22.12,26.29,0.5,21.24,1,Mumbai Indians,84.98,4.0
2023,Arshdeep Singh,Bowler,South African,28,6,11.08,106.5,121,1,0,25,8.63,18.54,22.08,0.5,15.54,1,Chennai Super Kings,42.82,2.76
2023,Chris Woakes,Bowler,South African,30,6,12.43,125.33,153,1,0,28,8.16,36.23,15.9,2.0,20.56,1,Kolkata Knight Riders,49.05,2.39
2023,Sunil Narine,Bowler,Indian,30,8,14.14,80.0,222,1,0,26,6.53,15.32,21.4,1.0,17.51,1,Gujarat Titans,51.63,2.95
2023,Tilak Varma,Batsman,Indian,30,6,24.13,115.46,793,12,3,5,7.0,28.25,22.9,0.5,10.21,1,Royal Challengers Bangalore,60.15,5.89
2023,Imran Tahir,Bowler,Indian,30,8,16.05,119.66,126,1,0,30,7.15,19.85,17.35,1.5,25.0,1,Rajasthan Royals,54.81,2.19
2023,David Warner,Batsman,Indian,27,6,42.02,140.9,667,11,2,3,9.74,44.91,20.65,0.5,14.81,1,Royal Challengers Bangalore,72.42,4.89
2023,Kieron Pollard,All-Rounder,Indian,32,5,32.27,136.07,248,2,0,9,8.93,16.0,28.37,1.0,21.14,1,Sunrisers Hyderabad,48.22,2.28
2023,Vijay Shankar,All-Rounder,Australian,32,7,16.31,93.66,271,3,0,13,8.97,23.46,23.52,1.5,20.59,1,Chennai Super Kings,40.47,1.97
2023,Quinton de Kock,Batsman,Indian,32,8,34.7,127.34,787,11,3,3,8.83,37.56,24.81,1.0,18.78,1,Delhi Capitals,67.82,3.61
2023,Lockie Ferguson,Bowler,South African,31,7,16.76,88.57,197,1,0,27,9.42,31.27,17.38,1.0,16.25,1,Mumbai Indians,44.21,2.72
2023,Dawid Malan,Batsman,Indian,30,7,35.12,159.03,709,10,2,2,9.67,36.38,16.15,1.0,15.69,1,Mumbai Indians,75.94,4.84
2023,Devon Conway,Batsman,Australian,29,6,34.46,115.73,555,7,1,4,10.2,23.3,17.32,0.5,17.19,1,Delhi Capitals,59.6,3.47
2023,Shreyas Iyer,Batsman,Indian,30,5,31.22,160.14,563,8,1,1,9.41,39.47,25.2,0.2,20.56,1,Lucknow Super Giants,71.79,3.49
2023,Mohammed Shami,Bowler,Indian,30,5,8.77,147.52,132,1,0,16,8.43,18.28,17.14,1.5,10.54,1,Delhi Capitals,30.03,2.85
2023,Kyle Jamieson,Bowler,Indian,27,8,14.34,108.59,146,1,0,28,8.15,21.51,14.19,0.5,11.01,1,Kolkata Knight Riders,49.01,4.45
2023,Amit Mishra,Bowler,Indian,31,6,9.84,121.98,278,2,0,23,8.4,29.69,19.04,0.2,16.01,1,Rajasthan Royals,42.08,2.63
2023,Dwayne Bravo,Bowler,Indian,33,8,28.21,107.17,186,1,0,25,8.2,33.2,11.62,1.0,12.49,1,Rajasthan Royals,44.76,3.58
2023,Jason Holder,All-Rounder,Australian,29,6,34.21,118.66,317,3,0,10,9.77,28.15,12.0,1.0,25.0,1,Chennai Super Kings,44.74,1.79
2023,Pat Cummins,Bowler,South African,27,6,28.93,128.28,105,0,0,23,9.11,28.96,12.5,1.0,14.22,1,Punjab Kings,38.22,2.69
2023,Virat Kohli,Batsman,Indian,30,5,23.9,142.02,694,9,2,2,8.66,37.96,24.38,1.0,12.81,1,Sunrisers Hyderabad,66.05,5.16
2023,Jimmy Neesham,All-Rounder,Indian,29,5,34.84,134.4,467,5,0,13,8.68,25.67,18.45,0.5,14.54,1,Rajasthan Royals,53.83,3.7
2023,Suryakumar Yadav,Batsman,South African,32,7,25.65,145.79,569,10,1,3,9.26,26.29,24.43,0.5,24.07,1,Sunrisers Hyderabad,65.38,2.72
2023,Rohit Sharma,Batsman,Indian,30,5,19.45,117.54,571,9,1,6,10.35,51.14,26.89,0.2,9.39,1,Rajasthan Royals,54.46,5.8
2023,Glenn Maxwell,Batsman,Indian,28,6,50.7,122.51,654,10,2,0,8.07,39.53,19.43,0.5,19.65,1,Chennai Super Kings,70.11,3.57
2023,Faf du Plessis,Batsman,Indian,29,5,33.96,139.62,694,11,2,9,9.2,27.28,29.7,1.0,21.87,1,Chennai Super Kings,69.35,3.17
2023,Nitish Rana,All-Rounder,Indian,27,5,27.05,148.02,306,3,0,4,8.23,33.41,23.51,1.5,25.0,1,Gujarat Titans,44.71,1.79
2023,Sanju Samson,Batsman,Indian,27,7,28.13,137.17,628,10,2,5,11.49,57.09,21.82,1.0,11.32,1,Lucknow Super Giants,64.96,5.74
2023,Jasprit Bumrah,Bowler,Indian,28,6,9.09,127.51,210,1,0,20,10.56,20.8,13.0,2.0,8.92,1,Rajasthan Royals,32.1,3.6
2023,Kuldeep Yadav,Bowler,Indian,31,8,14.05,94.8,185,1,0,20,8.37,29.23,12.0,0.5,9.97,1,Chennai Super Kings,36.74,3.69
2023,Trent Boult,Bowler,Indian,27,6,13.44,86.38,71,0,0,15,8.44,22.59,17.13,1.0,10.45,1,Delhi Capitals,27.89,2.67
2023,Tristan Stubbs,Batsman,South African,32,6,24.55,165.49,613,9,1,6,9.41,27.51,26.5,1.5,25.0,1,Sunrisers Hyderabad,71.73,2.87
2023,Axar Patel,Batsman,Indian,29,5,21.78,151.42,555,7,2,6,7.0,49.74,28.78,0.5,15.32,1,Royal Challengers Bangalore,65.24,4.26
2023,Prithvi Shaw,Batsman,Indian,29,5,27.58,118.25,825,12,3,8,11.87,22.88,36.0,1.5,9.07,1,Rajasthan Royals,63.01,6.95
2023,Piyush Chawla,Bowler,Indian,30,5,10.64,146.87,148,1,0,25,9.69,25.63,15.59,1.0,12.94,1,Mumbai Indians,39.91,3.08
2023,Aaron Finch,Batsman,Australian,30,6,31.3,171.84,652,10,1,2,8.41,26.25,21.26,0.5,25.0,1,Gujarat Titans,77.11,3.08
2023,Liam Livingstone,Batsman,Indian,36,5,28.19,167.43,665,9,1,7,7.51,20.0,19.21,0.5,12.89,1,Delhi Capitals,74.81,5.8
2023,Marcus Stoinis,All-Rounder,South African,32,8,28.61,119.07,457,5,0,17,9.31,25.17,22.53,1.0,25.0,1,Chennai Super Kings,52.75,2.11
2023,Ben Stokes,All-Rounder,Indian,29,5,21.82,111.82,353,3,0,10,7.28,32.15,23.14,1.0,25.0,1,Rajasthan Royals,45.26,1.81
2023,Yuzvendra Chahal,Bowler,Indian,32,7,11.4,118.07,174,1,0,30,9.36,26.96,15.55,0.2,18.54,1,Mumbai Indians,48.66,2.62
2023,Hardik Pandya,Batsman,Indian,29,7,39.11,166.93,605,10,1,1,7.9,20.0,26.78,1.0,25.0,1,Gujarat Titans,77.82,3.11
2023,Jason Holder,Bowler,Australian,29,5,23.69,108.07,135,1,0,29,8.81,26.62,12.24,0.5,24.49,1,Mumbai Indians,48.42,1.98
2023,Venkatesh Iyer,Batsman,Indian,32,7,32.9,145.29,524,8,2,0,8.16,45.74,22.75,0.2,12.62,1,Chennai Super Kings,67.23,5.33
2023,R Ashwin,Bowler,Indian,27,7,14.59,115.63,158,1,0,30,6.71,27.65,21.41,0.5,23.15,1,Rajasthan Royals,56.45,2.44
2023,Adam Zampa,Bowler,South African,34,6,9.73,129.67,112,0,0,17,6.81,37.55,13.77,0.2,18.55,1,Punjab Kings,36.19,1.95
2023,Yashasvi Jaiswal,Batsman,Indian,29,8,27.7,158.21,516,7,1,5,9.33,35.84,28.15,0.5,15.43,1,Gujarat Titans,68.86,4.46
2023,Heinrich Klaasen,Batsman,South African,29,7,37.48,136.8,722,12,2,4,12.25,32.54,18.15,1.0,22.55,1,Sunrisers Hyderabad,70.47,3.13
2023,Prasidh Krishna,Bowler,Indian,30,6,12.41,143.0,89,0,0,20,11.5,17.77,11.58,1.5,15.1,1,Rajasthan Royals,30.89,2.05
2023,Rinku Singh,Batsman,Indian,31,5,37.39,128.08,470,8,2,0,8.98,36.73,16.68,0.5,12.16,1,Chennai Super Kings,62.78,5.16
2023,Anrich Nortje,Bowler,Indian,33,7,13.52,80.0,120,1,0,23,7.89,22.87,21.48,2.0,21.4,1,Lucknow Super Giants,42.03,1.96
2023,Manish Pandey,Batsman,Indian,28,6,26.05,124.11,434,6,2,1,8.9,26.88,22.95,1.0,17.85,1,Punjab Kings,56.33,3.16
2023,Bhuvneshwar Kumar,Bowler,Indian,32,6,11.91,112.22,186,1,0,30,8.17,15.47,20.37,0.5,19.69,1,Delhi Capitals,52.35,2.66
2023,Harshal Patel,Bowler,Indian,30,7,14.92,106.64,241,2,0,21,9.31,20.82,22.28,2.0,16.49,1,Chennai Super Kings,35.98,2.18
2023,Liam Livingstone,All-Rounder,Indian,35,8,14.96,146.46,493,5,0,13,9.27,28.58,27.41,0.5,12.56,1,Royal Challengers Bangalore,50.09,3.99
2023,Sam Curran,Bowler,Indian,30,5,10.04,151.26,136,1,0,26,7.66,23.43,24.14,0.2,17.07,1,Lucknow Super Giants,47.38,2.78
2023,Krunal Pandya,All-Rounder,Indian,29,5,16.04,111.56,475,5,0,13,8.08,31.57,15.93,1.0,25.0,1,Lucknow Super Giants,45.76,1.83
2023,Cameron Green,All-Rounder,English,32,8,14.17,90.0,444,4,0,16,8.64,28.67,14.38,1.0,25.0,1,Delhi Capitals,43.46,1.74
2024,Khaleel Ahmed,Bowler,Indian,30,9,9.15,97.8,163,1,0,27,8.24,28.41,20.61,0.5,16.86,1,Lucknow Super Giants,47.41,2.81
2024,Axar Patel,Batsman,Indian,31,8,26.6,116.07,727,12,3,7,8.93,22.31,22.99,1.0,19.2,1,Delhi Capitals,60.0,3.13
2024,Andre Russell,All-Rounder,Indian,31,8,23.66,141.22,440,4,0,16,9.17,31.47,15.93,1.5,23.18,1,Royal Challengers Bangalore,55.02,2.37
2024,Mohammed Shami,Bowler,Indian,31,7,18.68,123.48,152,1,0,29,6.0,28.52,17.95,0.5,16.32,1,Kolkata Knight Riders,57.02,3.49
2024,Ben Stokes,Bowler,Indian,30,7,5.0,121.73,161,1,0,21,8.64,22.68,21.99,0.5,18.47,1,Lucknow Super Giants,37.19,2.01
2024,Dinesh Karthik,Batsman,New Zealand,32,7,35.51,113.34,757,10,3,2,8.93,26.83,23.93,0.5,14.68,1,Chennai Super Kings,63.35,4.32
2024,Aaron Finch,Batsman,Australian,31,7,22.21,163.64,816,12,3,5,10.39,60.0,24.41,0.5,25.0,1,Kolkata Knight Riders,74.3,2.97
2024,Devon Conway,Batsman,Australian,30,7,27.72,126.73,694,9,2,4,9.93,41.66,23.26,0.5,25.0,1,Royal Challengers Bangalore,62.99,2.52
2024,Sanju Samson,Batsman,Indian,28,7,36.62,126.1,674,10,2,6,12.38,20.0,21.02,0.5,16.03,1,Gujarat Titans,65.96,4.11
2024,Liam Livingstone,All-Rounder,Indian,36,9,17.67,92.03,119,1,0,21,6.78,38.97,23.7,1.5,18.01,1,Lucknow Super Giants,54.46,3.02
2024,Manish Pandey,Batsman,Indian,28,8,36.45,101.42,558,7,2,5,10.27,52.78,22.34,0.2,12.14,1,Gujarat Titans,56.17,4.63
2024,Avesh Khan,Bowler,West Indian,29,8,19.18,113.7,10,0,0,22,8.9,27.1,11.82,0.5,22.12,1,Royal Challengers Bangalore,36.4,1.65
2024,Jos Buttler,Batsman,Indian,31,7,36.16,136.71,625,8,2,6,8.81,45.15,23.56,0.5,22.88,1,Gujarat Titans,67.98,2.97
2024,Kagiso Rabada,Bowler,Australian,31,9,12.81,103.93,252,2,0,15,7.83,33.27,19.07,0.2,25.0,1,Mumbai Indians,31.53,1.26
2024,Rashid Khan,Bowler,Indian,26,9,20.41,149.86,74,0,0,30,6.96,18.24,12.02,0.5,20.91,1,Mumbai Indians,54.86,2.62
2024,Ruturaj Gaikwad,Batsman,Indian,32,7,39.3,145.59,622,8,1,0,10.4,34.61,19.67,0.2,20.24,1,Kolkata Knight Riders,71.84,3.55
2024,Piyush Chawla,Bowler,Indian,30,9,5.0,121.98,169,1,0,30,8.82,19.82,14.97,1.0,10.84,1,Sunrisers Hyderabad,50.23,4.63
2024,Bhuvneshwar Kumar,Bowler,Indian,33,7,12.64,98.23,124,1,0,24,8.66,16.13,15.41,1.0,14.79,1,Delhi Capitals,41.26,2.79
2024,Trent Boult,Bowler,Indian,29,6,5.0,121.57,67,0,0,26,7.23,18.35,18.09,1.0,22.2,1,Kolkata Knight Riders,47.98,2.16
2024,Ambati Rayudu,Batsman,West Indian,33,6,35.02,120.97,645,9,1,2,11.14,42.82,36.0,2.0,24.06,1,Delhi Capitals,63.2,2.63
2024,Kieron Pollard,All-Rounder,Indian,32,6,10.88,131.69,325,3,0,7,8.94,27.34,17.5,1.5,18.0,1,Chennai Super Kings,39.58,2.2
2024,Kuldeep Yadav,Bowler,Indian,31,9,13.63,80.0,178,1,0,25,8.12,23.84,18.54,0.2,15.22,1,Royal Challengers Bangalore,44.92,2.95
2024,Dwayne Bravo,Bowler,Indian,35,6,13.11,120.9,202,1,0,23,8.22,24.86,14.94,0.5,9.87,1,Punjab Kings,41.86,4.24
2024,Washington Sundar,Batsman,Indian,31,6,33.71,147.97,711,10,2,5,9.94,34.13,30.81,0.2,16.44,1,Sunrisers Hyderabad,72.1,4.39
2024,Nitish Rana,All-Rounder,Indian,28,8,32.34,125.06,198,2,0,10,8.48,19.86,17.93,1.0,23.65,1,Rajasthan Royals,48.14,2.04
2024,Vijay Shankar,All-Rounder,Australian,32,8,26.43,129.8,398,4,0,12,10.77,16.0,18.46,1.0,25.0,1,Rajasthan Royals,46.97,1.88
2024,Arshdeep Singh,Bowler,South African,30,7,16.34,136.64,232,1,0,28,6.92,33.97,22.65,0.5,25.0,1,Rajasthan Royals,53.56,2.14
2024,Jason Holder,All-Rounder,Australian,30,6,20.01,124.25,172,1,0,17,7.5,21.91,15.58,2.0,25.0,1,Royal Challengers Bangalore,55.25,2.21
2024,Chris Woakes,Bowler,South African,32,7,32.61,92.39,67,0,0,24,6.32,15.05,12.99,1.5,19.69,1,Lucknow Super Giants,47.71,2.42
2024,Krunal Pandya,All-Rounder,Indian,30,9,32.31,102.48,348,3,0,14,8.17,21.86,18.2,1.5,25.0,1,Rajasthan Royals,49.03,1.96
2024,Yashasvi Jaiswal,Batsman,Indian,30,8,39.27,146.04,669,11,1,2,9.95,51.67,14.0,0.5,21.7,1,Sunrisers Hyderabad,72.9,3.36
2024,Rohit Sharma,Batsman,Indian,31,9,45.21,137.66,720,10,3,3,8.48,37.12,16.71,0.5,19.92,1,Delhi Capitals,73.78,3.7
2024,Jasprit Bumrah,Bowler,Indian,30,8,18.84,116.76,240,2,0,28,6.65,14.95,22.11,0.5,11.7,1,Royal Challengers Bangalore,54.45,4.65
2024,Jimmy Neesham,All-Rounder,Indian,31,9,17.95,125.47,353,3,0,19,8.31,18.87,22.21,1.0,17.3,1,Mumbai Indians,55.76,3.22
2024,Venkatesh Iyer,Batsman,Indian,33,6,25.09,130.38,625,8,1,8,10.08,23.23,29.57,0.5,8.77,1,Gujarat Titans,61.65,7.03
2024,Deepak Chahar,Bowler,New Zealand,29,6,18.24,168.02,92,0,0,12,9.7,15.17,19.46,1.0,17.74,1,Kolkata Knight Riders,19.82,1.12
2024,T Natarajan,Bowler,English,33,8,10.42,115.13,231,1,0,30,9.37,16.5,20.8,1.0,21.46,1,Rajasthan Royals,49.2,2.29
2024,Jason Holder,Bowler,Australian,29,7,17.65,109.14,202,1,0,30,9.47,29.63,23.03,0.2,25.0,1,Kolkata Knight Riders,48.61,1.94
2024,Pat Cummins,Bowler,South African,28,8,18.31,98.86,161,1,0,19,8.42,23.73,14.08,0.2,18.92,1,Sunrisers Hyderabad,34.85,1.84
2024,Suryakumar Yadav,Batsman,South African,34,6,28.0,123.97,682,9,2,0,9.32,51.06,25.08,1.0,19.71,1,Sunrisers Hyderabad,62.03,3.15
2024,Shreyas Iyer,Batsman,Indian,31,7,28.71,147.75,500,9,1,1,9.72,33.13,18.93,0.5,14.01,1,Sunrisers Hyderabad,65.81,4.7
2024,Liam Livingstone,Batsman,Indian,36,9,29.87,120.36,646,11,1,0,7.0,48.39,19.88,0.2,16.59,1,Chennai Super Kings,60.98,3.68
2024,Sam Curran,Bowler,Indian,32,6,13.62,88.42,140,1,0,23,8.06,23.16,15.71,2.0,13.44,1,Lucknow Super Giants,41.72,3.1
2024,Tilak Varma,Batsman,Indian,32,6,28.03,168.85,465,8,2,2,9.4,24.25,19.31,0.5,20.58,1,Kolkata Knight Riders,71.17,3.46
2024,Tristan Stubbs,Batsman,South African,33,8,25.36,155.33,684,10,2,0,11.05,51.31,15.08,0.2,25.0,1,Gujarat Titans,70.42,2.82
2024,Hardik Pandya,Batsman,Indian,30,7,17.29,154.17,585,10,2,5,7.97,20.0,19.05,0.5,11.47,1,Mumbai Indians,64.87,5.66
2024,Harshal Patel,Bowler,Indian,32,7,16.17,126.82,135,1,0,25,8.13,28.96,12.74,0.2,15.65,1,Sunrisers Hyderabad,44.46,2.84
2024,R Ashwin,Bowler,Indian,28,6,14.34,94.11,198,1,0,21,8.9,27.05,20.12,0.2,15.49,1,Delhi Capitals,36.78,2.37
2024,Sam Curran,All-Rounder,Indian,32,9,9.43,141.44,251,2,0,11,8.28,19.5,21.59,1.0,18.69,1,Punjab Kings,47.29,2.53
2024,Ben Stokes,All-Rounder,Indian,30,8,29.5,92.45,491,5,0,15,9.72,33.44,28.04,1.5,25.0,1,Delhi Capitals,44.42,1.78
2024,Ravindra Jadeja,Bowler,Indian,31,7,13.62,90.24,155,1,0,27,8.29,25.98,14.89,1.5,20.09,1,Punjab Kings,47.18,2.35
2024,Mohammed Siraj,Bowler,English,32,7,13.01,122.0,267,2,0,30,8.13,25.52,14.55,1.0,21.65,1,Mumbai Indians,53.28,2.46
2024,Amit Mishra,Bowler,Indian,32,6,8.84,146.58,139,1,0,20,7.47,28.82,19.29,2.0,14.03,1,Mumbai Indians,38.98,2.78
2024,Ravindra Jadeja,All-Rounder,Indian,31,8,29.59,116.9,421,4,0,15,7.15,19.93,24.84,1.5,25.0,1,Rajasthan Royals,54.48,2.18
2024,Heinrich Klaasen,Batsman,South African,31,7,36.11,117.42,676,9,1,3,9.72,48.97,22.16,0.5,16.46,1,Chennai Super Kings,63.19,3.84
2024,Moeen Ali,All-Rounder,Indian,33,6,21.31,123.88,530,5,0,5,10.37,21.44,13.14,1.5,20.85,1,Lucknow Super Giants,36.1,1.73
2024,Rishabh Pant,Batsman,Indian,32,6,49.75,122.16,765,12,3,0,9.7,54.7,36.0,1.0,15.71,1,Lucknow Super Giants,71.85,4.57
2024,Shivam Dube,All-Rounder,Indian,33,7,24.97,90.28,400,4,0,18,8.18,39.74,12.7,1.0,25.0,1,Gujarat Titans,49.54,1.98
2024,Harbhajan Singh,Bowler,Indian,30,9,16.9,104.81,185,1,0,30,8.97,25.48,17.59,1.0,18.07,1,Royal Challengers Bangalore,49.94,2.76
2024,Sunil Narine,Bowler,Indian,31,6,9.58,145.71,149,1,0,30,7.52,25.91,18.9,0.2,22.13,1,Rajasthan Royals,53.93,2.44
2024,Prasidh Krishna,Bowler,Indian,32,7,5.0,80.0,277,2,0,21,11.5,14.0,17.68,1.5,13.59,1,Lucknow Super Giants,34.27,2.52
2024,Faf du Plessis,Batsman,Indian,30,7,31.41,134.68,701,11,3,3,8.43,28.06,26.47,0.5,19.44,1,Royal Challengers Bangalore,66.99,3.45
2024,Glenn Maxwell,Batsman,Indian,29,8,27.58,152.44,646,11,2,4,9.66,20.0,25.83,1.5,15.73,1,Gujarat Titans,69.68,4.43
2024,Dwayne Bravo,All-Rounder,Indian,35,6,29.51,146.62,309,3,0,9,6.5,25.46,16.11,0.5,25.0,1,Lucknow Super Giants,54.5,2.18
